date,total,sales,holiday,classic_dlx_s,ital_cpcllo_s,veggie_veg_l,ckn_alfredo_m,pepperoni_l,brie_carre_s,hawaiian_l,classic_dlx_l,ital_supr_m,pep_msh_pep_m,spicy_ital_l,spin_pesto_s,five_cheese_l,ital_cpcllo_m,big_meat_s,bbq_ckn_m,classic_dlx_m,four_cheese_l,pepperoni_m,peppr_salami_m,peppr_salami_s,prsc_argla_m,sicilian_l,spinach_fet_s,ckn_pesto_l,ital_veggie_l,green_garden_s,pepperoni_s,southw_ckn_l,southw_ckn_m,spicy_ital_s,napolitana_l,mexicana_m,veggie_veg_s,thai_ckn_m,veggie_veg_m,mexicana_l,mediterraneo_s,prsc_argla_s,calabrese_m,soppressata_s,calabrese_l,ckn_pesto_m,pep_msh_pep_l,pep_msh_pep_s,spin_pesto_l,hawaiian_s,napolitana_s,spinach_supr_m,the_greek_l,mediterraneo_m,the_greek_xl,cali_ckn_s,spinach_fet_l,bbq_ckn_l,napolitana_m,sicilian_s,thai_ckn_l,ital_cpcllo_l,ital_veggie_m,four_cheese_m,soppressata_l,ital_supr_l,spinach_fet_m,cali_ckn_l,peppr_salami_l,green_garden_m,spin_pesto_m,cali_ckn_m,bbq_ckn_s,mediterraneo_l,soppressata_m,ital_supr_s,spinach_supr_l,thai_ckn_s,the_greek_m,southw_ckn_s,ital_veggie_s,spicy_ital_m,sicilian_m,the_greek_s,hawaiian_m,ckn_pesto_s,ckn_alfredo_l,mexicana_s,spinach_supr_s,green_garden_l,prsc_argla_l,the_greek_xxl,calabrese_s,ckn_alfredo_s,Classic,Veggie,Chicken,Supreme,S,L,M,XL,XXL
1451541600,178,2916,0,3,4,4,4,3,2,2,2,4,3,7,2,5,4,6,4,5,6,4,2,4,4,4,3,1,1,1,3,3,2,2,2,3,4,2,2,4,2,1,1,1,2,3,1,1,2,2,4,2,1,3,1,4,1,5,1,1,1,1,1,3,2,2,1,2,1,1,1,1,1,0,0,0,0,0,0,0,0,0,0,0,0,0,0,0,0,0,0,0,0,0,53,50,33,42,51,65,61,1,0
1451455200,82,1338,0,0,1,0,1,2,0,1,1,2,0,0,0,1,2,3,4,3,4,1,1,0,2,0,0,0,1,2,0,3,3,1,1,0,4,0,1,2,0,0,0,0,0,0,2,0,1,4,0,1,0,0,1,2,0,1,0,0,2,0,2,1,0,1,1,3,0,0,1,2,1,1,1,1,1,1,1,1,1,1,0,0,0,0,0,0,0,0,0,0,0,0,23,23,24,12,22,28,31,1,0
1451368800,80,1353,0,1,0,1,1,1,1,2,1,2,0,2,0,3,2,6,3,1,3,1,0,0,2,1,0,0,0,1,3,1,0,1,3,0,0,1,0,0,0,1,0,0,2,1,2,0,2,2,1,0,0,1,1,1,1,1,0,0,3,1,0,0,2,1,0,1,2,0,2,4,0,0,1,0,0,1,0,0,0,0,1,1,0,0,0,0,0,0,0,0,0,0,29,14,18,19,20,36,23,1,0
1451282400,102,1637,0,4,0,1,1,2,1,1,2,0,1,1,1,2,3,3,1,3,4,1,1,1,3,3,1,0,0,2,1,2,1,0,1,1,1,1,1,1,0,2,1,2,0,1,0,1,0,3,2,1,0,0,1,2,0,0,1,1,3,1,1,0,2,3,2,2,0,1,1,1,1,0,1,0,1,2,1,0,1,1,0,0,3,2,1,0,0,0,0,0,0,0,35,21,21,25,34,33,34,1,0
1451196000,89,1419,0,2,1,2,0,0,1,1,0,0,1,2,1,2,1,5,3,6,3,1,3,0,0,2,0,1,0,1,1,1,1,1,1,1,3,1,4,1,0,1,1,1,0,1,0,1,1,3,2,0,1,0,0,0,0,1,0,0,4,1,0,1,0,1,1,2,0,0,1,1,0,0,0,1,0,0,0,0,0,1,2,2,1,1,0,1,1,0,0,0,0,0,31,23,17,18,30,27,32,0,0
1451109600,95,1643,0,1,1,1,1,1,1,4,1,1,0,2,1,2,0,5,0,2,7,2,1,0,0,1,1,1,1,2,0,0,1,0,0,0,0,3,2,3,0,1,1,0,2,0,1,1,0,2,1,2,1,1,3,0,1,3,1,1,6,2,0,0,0,3,1,1,1,0,0,2,2,0,0,0,0,1,0,1,0,0,0,0,1,0,0,0,0,1,2,0,0,0,30,24,22,19,22,48,22,3,0
1450936800,131,2138,0,4,1,1,2,2,0,5,2,1,2,1,1,5,0,8,0,4,3,1,2,0,0,2,0,1,0,1,2,3,3,2,1,1,1,1,1,2,2,3,3,0,0,0,1,1,1,1,0,3,0,2,0,2,2,3,0,1,6,2,2,2,0,0,4,2,1,1,0,2,1,4,0,1,0,0,1,0,0,1,3,2,1,2,0,0,0,1,1,0,0,0,41,37,28,25,36,52,43,0,0
1450850400,134,2244,0,2,0,1,1,2,2,4,2,1,2,2,1,4,3,7,2,3,0,2,0,1,3,5,1,1,1,2,3,4,1,1,1,0,1,0,3,4,1,0,1,1,0,0,0,3,1,3,0,0,1,3,2,0,1,3,1,3,7,3,1,0,1,2,2,4,2,0,0,0,1,0,0,1,0,1,1,0,1,2,1,2,1,1,1,1,0,0,1,0,0,0,48,29,27,30,40,58,34,2,0
1450764000,114,1883,0,1,0,0,3,1,0,2,1,2,0,3,1,3,1,9,1,3,6,2,1,1,1,1,0,0,1,0,0,3,1,2,0,1,1,0,1,2,0,1,1,0,2,1,1,0,0,2,0,0,1,1,0,1,3,1,1,2,5,1,1,2,0,0,0,1,2,3,2,4,2,2,2,0,0,2,0,0,1,2,0,1,1,2,1,0,1,2,1,0,0,0,28,33,28,25,30,46,38,0,0
1450677600,130,2101,0,1,1,0,4,1,1,3,2,3,1,2,1,1,1,7,2,5,4,2,2,1,3,1,1,1,1,2,3,4,1,0,0,1,0,2,2,1,3,0,4,2,1,0,2,1,0,2,2,0,2,1,0,0,1,4,1,2,4,4,0,1,0,1,1,1,1,0,1,5,1,0,0,0,1,2,2,1,2,0,2,0,3,0,0,1,0,0,0,0,0,0,46,25,32,27,37,43,50,0,0
1450591200,124,2105,0,2,2,1,3,2,0,2,3,2,1,1,0,1,2,6,5,2,1,2,0,3,2,1,0,4,0,0,0,1,1,1,2,1,1,0,2,0,0,1,0,0,1,0,2,0,0,3,1,1,1,0,1,2,1,6,3,1,4,4,4,1,0,3,5,3,1,0,1,2,1,2,0,1,2,1,0,0,2,0,0,1,1,1,0,0,0,0,2,1,0,0,44,23,34,23,30,51,41,1,1
1450504800,139,2304,0,2,0,1,1,3,2,5,0,4,0,4,0,4,0,6,2,4,2,3,1,0,2,4,1,2,0,0,2,1,1,0,0,1,1,2,2,1,2,0,2,1,0,0,1,0,1,3,0,0,0,1,1,2,2,2,1,2,5,1,2,7,0,4,1,3,1,1,3,4,0,2,1,0,0,4,2,1,1,2,2,0,1,0,1,1,1,0,2,0,1,0,35,37,31,36,33,52,53,1,0
1450418400,176,2886,0,3,1,1,3,2,1,2,0,3,1,5,2,4,2,11,0,6,2,5,1,2,1,2,0,2,2,1,3,3,2,2,1,2,0,0,3,4,0,3,3,3,0,2,2,3,0,2,2,0,0,0,3,5,0,2,1,3,7,5,3,4,1,3,2,4,5,0,2,0,1,1,0,0,3,3,0,1,1,1,2,0,1,1,0,0,2,1,2,0,0,1,56,35,37,48,57,66,50,3,0
1450332000,113,1881,0,4,2,1,3,5,2,1,0,2,1,1,2,3,0,2,2,1,1,3,2,2,0,1,2,2,0,0,1,1,1,0,1,1,2,2,2,1,1,3,1,1,1,2,0,1,1,3,1,1,0,1,1,0,0,5,1,1,4,2,2,3,2,4,0,5,0,1,1,1,0,1,0,0,0,1,1,0,0,0,1,0,0,0,0,0,0,0,2,0,0,0,31,26,29,27,31,45,36,1,0
1450245600,133,2235,0,3,1,3,2,2,1,3,4,3,1,6,2,3,1,5,1,2,2,2,0,1,0,5,1,0,2,2,2,2,1,3,0,0,0,1,3,3,3,1,1,0,2,1,0,1,0,3,0,2,1,0,4,3,1,4,1,3,1,1,1,1,0,1,2,4,2,1,0,2,0,1,1,1,1,0,1,0,1,0,1,1,1,0,0,1,0,1,1,0,0,1,40,34,23,36,40,56,33,4,0
1450159200,146,2387,0,3,1,1,0,1,4,4,0,3,1,1,1,2,3,4,1,4,3,2,0,3,2,2,0,0,0,2,3,5,3,1,1,0,1,0,2,1,2,1,0,0,0,1,2,5,0,3,4,1,1,2,5,1,3,3,1,2,2,3,0,1,2,2,2,3,2,1,0,3,2,3,1,0,0,0,1,1,1,3,0,1,2,2,0,3,1,0,1,0,0,1,55,31,28,32,53,48,40,5,0
1450072800,131,2173,0,1,0,3,2,2,1,0,1,2,1,2,0,3,0,2,2,1,6,3,1,0,2,1,1,1,0,1,2,0,2,2,1,2,1,0,2,1,3,0,2,1,0,3,0,1,1,2,1,1,1,2,3,1,0,1,2,6,6,4,4,0,1,1,3,2,1,1,1,2,3,3,1,0,2,3,2,0,1,0,1,1,1,0,1,1,1,0,1,0,0,0,32,40,29,30,36,46,46,3,0
1449986400,130,2245,0,0,2,2,2,2,3,3,2,1,0,2,0,0,0,3,1,3,1,1,1,1,2,2,1,0,1,1,1,3,1,0,0,2,0,1,3,1,0,2,4,0,1,0,0,1,1,1,1,2,0,1,1,3,3,4,1,1,8,3,3,1,3,2,3,7,2,1,0,5,0,2,0,2,0,1,1,2,0,0,1,1,1,2,1,0,1,0,0,0,0,1,28,27,42,33,31,56,42,1,0
1449900000,127,1960,0,2,1,0,1,1,0,2,1,2,1,1,3,4,2,4,4,3,2,2,0,2,0,1,1,0,1,1,5,1,0,3,1,0,2,2,3,1,1,2,0,1,0,0,3,1,1,2,2,2,0,0,0,1,2,2,2,6,4,2,1,1,1,2,1,2,2,0,2,1,1,0,0,1,2,1,0,0,2,1,0,2,3,2,0,1,3,0,1,0,0,0,42,30,22,33,53,40,34,0,0
1449813600,164,2634,0,1,0,0,1,1,2,4,2,1,0,1,0,3,0,7,6,3,6,3,1,2,1,4,3,2,0,2,3,5,2,3,0,1,0,2,4,3,2,1,0,1,2,0,0,2,1,9,1,1,0,0,0,0,1,5,1,5,6,0,1,0,1,5,0,3,4,2,0,5,5,0,1,0,1,1,1,1,2,1,2,4,3,3,0,0,0,1,0,0,0,0,45,32,47,40,60,61,43,0,0
1449727200,118,1986,0,3,1,3,1,0,0,1,3,3,3,5,1,3,1,3,2,3,3,0,1,0,0,2,1,1,0,1,1,3,1,0,2,0,3,1,3,1,1,0,2,4,3,1,1,0,0,1,3,0,0,1,2,3,0,2,1,0,6,0,2,0,0,0,1,2,5,0,1,2,1,0,0,0,0,1,0,2,1,1,1,1,1,2,0,0,0,0,3,0,0,0,31,26,31,30,34,49,33,2,0
1449640800,160,2572,0,2,2,2,2,2,2,1,1,1,2,3,1,2,1,6,0,2,5,6,2,3,2,3,1,0,0,4,3,7,2,1,2,4,1,1,3,2,0,1,0,2,1,0,2,1,0,8,0,2,0,0,0,3,1,4,3,2,4,2,2,1,1,2,0,4,3,2,0,2,2,0,1,1,0,0,3,1,1,4,0,1,3,1,1,0,2,0,2,0,0,0,53,32,34,41,52,57,51,0,0
1449554400,110,1856,0,1,0,1,2,0,1,4,1,3,0,4,0,3,1,2,1,4,3,5,2,1,2,2,2,0,1,1,1,3,2,1,2,2,1,2,0,3,0,0,3,1,1,0,1,2,0,0,1,1,1,1,1,1,1,1,1,1,4,0,0,3,0,2,2,2,3,0,0,1,1,0,2,1,0,0,0,0,1,0,1,0,1,0,1,0,1,0,1,0,0,1,29,25,22,34,22,45,42,1,0
1449468000,150,2415,0,2,1,3,0,1,1,4,1,1,0,3,2,5,2,8,3,7,7,5,0,1,3,2,1,1,0,0,0,3,1,4,1,3,2,0,0,2,1,1,2,0,1,0,1,3,0,1,3,0,2,0,0,4,2,0,1,3,4,1,2,2,0,3,2,1,0,0,0,3,2,1,0,0,3,0,3,1,2,3,3,0,1,1,2,2,1,0,1,0,1,0,48,39,26,37,48,55,47,0,0
1449381600,144,2350,0,2,1,0,2,2,1,3,1,2,0,3,0,2,1,9,1,1,3,3,4,0,0,3,3,1,0,2,1,2,1,1,1,1,1,1,3,1,2,3,1,0,1,1,0,2,0,3,1,0,0,0,4,4,3,2,1,5,3,3,0,0,1,3,1,2,4,1,3,5,1,2,2,1,2,2,0,1,1,1,2,1,2,1,2,0,1,0,0,0,0,0,42,29,32,41,50,50,40,4,0
1449295200,160,2628,0,1,0,2,5,5,3,8,3,1,0,3,2,3,0,3,1,4,5,2,1,1,1,1,2,0,0,1,3,5,2,2,3,5,2,4,1,4,1,3,0,1,0,0,1,1,1,5,1,2,0,2,0,0,1,3,1,5,6,3,1,2,1,3,4,2,0,0,0,3,1,1,0,0,0,2,2,3,0,2,0,0,1,0,0,1,3,0,2,0,0,0,47,41,37,35,47,66,47,0,0
1449208800,176,2878,0,1,0,2,1,3,1,4,0,3,4,5,4,3,1,7,3,5,6,5,0,3,0,3,1,2,0,2,4,3,2,3,4,2,4,0,3,5,0,0,1,1,1,3,3,2,0,3,2,0,2,0,2,2,1,3,1,1,5,2,3,2,1,4,2,3,3,0,0,4,2,2,1,0,0,2,0,1,1,1,1,1,1,1,0,0,3,0,1,0,0,2,57,43,39,37,54,71,49,2,0
1449122400,136,2243,0,4,1,3,2,2,0,1,1,2,1,4,2,4,2,3,1,2,6,1,0,1,4,2,1,3,0,0,1,2,3,1,4,2,3,0,3,2,1,2,1,2,0,1,0,2,0,1,0,1,1,0,0,1,2,2,0,1,4,3,4,3,1,2,2,4,1,0,2,3,2,0,0,0,0,2,1,0,1,0,2,1,2,0,0,0,4,0,0,0,0,0,34,41,30,31,37,54,45,0,0
1449036000,132,2214,0,4,0,2,3,2,1,3,1,5,1,3,1,5,1,3,2,2,6,1,1,1,4,1,0,0,0,2,1,1,1,2,1,2,0,2,1,1,1,0,0,1,1,1,0,1,0,2,0,0,0,1,1,1,3,4,0,4,8,2,1,1,1,3,2,2,0,0,0,5,0,2,1,0,0,1,2,0,0,1,1,2,1,2,0,1,1,1,2,0,0,1,31,33,34,34,33,55,43,1,0
1448949600,131,2077,0,0,0,0,1,3,0,4,2,5,3,2,1,4,0,4,1,2,6,2,0,3,3,0,0,1,1,2,1,1,2,0,0,2,2,1,1,2,2,1,1,2,0,3,1,2,0,3,1,0,0,0,0,2,0,3,0,2,3,3,2,1,0,3,2,1,3,1,2,3,2,0,1,0,0,1,1,2,0,3,2,1,5,1,0,1,1,0,0,0,1,0,38,32,28,33,38,43,50,0,0
1448863200,134,2223,0,2,0,0,1,1,2,1,3,3,0,6,2,1,1,9,9,4,1,1,3,2,1,2,0,1,1,1,3,6,1,1,3,3,0,2,1,6,0,1,2,0,0,4,4,1,2,1,1,0,0,0,0,2,0,2,0,0,4,1,0,0,0,0,3,2,0,0,0,3,2,1,0,0,0,2,0,1,3,1,1,1,2,0,1,0,0,0,0,0,1,1,39,25,44,26,39,49,46,0,0
1448776800,115,1899,0,1,0,1,2,2,1,5,0,1,1,1,1,3,1,4,2,2,8,1,2,1,0,3,1,0,1,4,0,3,0,1,2,1,0,2,3,3,0,0,0,0,0,1,3,2,0,4,1,0,1,0,0,1,1,1,1,5,0,2,1,0,1,6,1,1,1,0,2,1,1,2,1,2,0,2,0,0,0,0,3,0,0,0,1,0,1,0,1,0,0,0,33,33,18,31,33,53,29,0,0
1448690400,118,1968,0,3,0,0,3,1,1,1,1,3,1,2,0,0,0,6,2,6,2,3,0,0,1,4,0,1,0,0,0,1,1,2,1,2,2,1,2,1,1,1,2,1,0,0,0,1,1,2,0,1,3,1,4,1,0,5,2,1,3,2,2,1,0,1,1,3,2,1,1,2,1,1,1,1,0,2,0,1,0,0,2,0,1,1,1,1,4,0,1,0,0,0,38,20,29,31,33,38,43,4,0
1448604000,264,4422,0,4,6,3,3,3,1,3,4,2,2,3,6,14,3,9,7,12,4,2,2,1,4,4,0,2,0,5,6,3,1,3,3,2,2,1,3,8,0,0,3,1,5,1,4,1,2,4,3,0,3,1,2,0,6,6,2,4,7,5,3,4,3,2,3,7,4,1,2,6,0,2,2,0,1,3,1,4,2,1,3,3,1,1,1,0,0,0,3,0,0,0,86,73,53,52,69,115,78,2,0
1448517600,266,4406,0,7,0,3,5,1,5,6,6,1,2,9,1,3,4,5,3,3,6,6,2,3,3,1,2,0,3,0,3,1,9,0,1,1,2,1,4,9,1,3,2,1,0,3,1,2,1,10,4,2,2,2,1,2,1,6,0,4,9,4,2,7,1,5,4,8,7,1,2,4,2,1,3,0,1,5,4,2,2,3,6,3,6,0,0,0,1,1,1,0,2,0,81,59,60,66,72,98,95,1,0
1448431200,144,2363,0,3,0,2,1,2,1,2,0,4,0,1,1,4,1,9,2,3,8,4,0,1,5,3,0,1,0,2,3,0,1,2,3,2,2,3,1,3,1,0,1,1,1,1,1,3,2,3,0,0,0,2,3,1,0,2,2,2,9,2,3,3,1,2,0,3,0,0,0,1,1,1,0,0,0,0,2,1,0,0,3,1,2,0,0,0,1,0,1,0,1,0,49,37,27,31,40,54,47,3,0
1448344800,131,2230,0,1,1,2,1,2,1,3,0,2,1,4,1,3,1,5,1,4,2,2,1,0,2,2,1,0,1,1,0,4,1,1,1,2,1,3,2,4,1,0,1,1,1,0,0,1,2,1,2,2,0,1,5,1,1,1,2,3,3,2,0,0,1,2,1,4,4,1,1,1,1,1,1,1,0,3,1,2,1,1,3,0,0,0,0,1,1,0,2,0,2,0,35,31,26,39,35,52,39,5,0
1448258400,148,2465,0,3,0,0,0,1,3,2,0,4,1,6,3,5,0,6,7,3,1,2,1,1,3,4,2,1,1,0,1,3,5,1,2,1,0,0,3,1,0,0,2,0,1,0,1,2,1,5,0,0,0,1,1,0,2,3,2,0,3,2,4,2,0,0,4,4,3,0,2,3,3,0,1,0,1,2,1,0,4,2,1,1,1,1,1,1,1,0,2,0,0,0,37,38,36,37,40,51,56,1,0
1448172000,84,1369,0,2,1,0,0,0,0,1,0,2,2,1,2,2,0,3,1,3,1,2,1,1,0,4,2,0,0,1,0,1,0,0,0,2,2,1,0,2,0,1,1,1,3,2,0,1,1,3,1,0,1,0,2,0,0,4,1,0,2,1,0,0,0,0,2,2,0,1,0,0,0,0,0,0,0,1,1,0,0,2,3,1,1,1,0,0,2,0,2,0,0,0,27,18,15,24,26,28,28,2,0
1448085600,131,2084,0,2,0,1,3,2,1,2,2,3,1,2,1,4,0,6,2,3,4,1,1,3,0,2,2,0,0,2,2,3,2,2,2,1,2,1,1,1,2,1,1,0,1,1,0,1,1,6,1,0,2,1,2,0,0,0,2,2,2,3,0,1,1,1,2,0,2,0,3,3,2,1,0,1,1,3,0,3,1,0,3,0,1,0,1,1,1,0,1,0,1,1,41,32,27,31,50,42,37,2,0
1447999200,148,2388,0,2,1,0,1,1,1,2,0,3,0,6,4,4,1,4,2,4,1,2,0,1,0,2,2,0,1,5,1,3,0,4,1,4,5,3,2,3,1,2,3,0,1,0,1,2,0,5,1,2,0,2,2,1,2,3,2,2,5,3,1,0,2,2,2,1,2,1,1,1,2,0,0,0,1,0,2,1,1,1,1,1,1,4,0,1,0,0,3,0,0,0,39,43,27,39,54,50,42,2,0
1447912800,162,2695,0,4,1,3,0,6,4,2,1,5,2,2,2,5,1,6,4,5,8,2,1,3,0,0,2,2,0,0,1,3,1,3,2,1,3,3,2,4,0,1,3,0,0,2,1,1,2,4,1,0,1,1,1,1,1,3,2,0,3,1,2,3,2,3,3,1,1,0,1,3,2,3,0,0,0,2,2,1,1,1,1,1,1,1,1,0,1,0,1,1,0,0,50,47,33,32,46,62,52,1,1
1447826400,130,2112,0,3,0,3,2,0,1,4,1,5,2,2,0,2,1,5,4,3,4,6,0,0,0,0,1,0,1,1,2,2,3,1,2,2,4,2,0,2,2,0,2,0,1,1,0,0,0,5,1,0,1,1,2,2,0,2,0,2,5,1,0,0,2,2,1,2,1,1,0,2,1,2,0,0,0,1,0,2,1,1,5,0,2,1,1,0,2,0,1,0,0,0,41,28,33,28,38,44,46,2,0
1447740000,117,1957,0,1,0,0,0,2,1,2,2,3,1,3,1,3,1,7,3,3,1,2,2,0,0,1,2,1,0,1,0,2,0,1,3,0,1,1,2,6,2,2,0,1,2,1,2,0,0,2,0,0,0,0,0,1,1,4,1,1,4,0,0,1,0,3,0,1,1,0,0,4,3,0,1,0,1,0,1,0,0,1,2,1,2,2,0,1,3,0,4,1,0,1,34,22,28,33,35,49,32,0,1
1447653600,136,2257,0,3,1,0,3,3,0,2,2,4,0,6,2,6,1,3,2,2,2,0,2,0,1,0,1,3,1,1,1,2,1,0,0,1,0,3,4,4,1,1,2,2,3,1,0,0,0,6,1,1,1,1,0,1,0,3,1,3,4,0,0,1,1,2,1,2,5,0,0,3,3,1,1,0,1,4,0,0,0,1,1,2,1,0,2,2,0,0,2,0,1,0,30,29,37,40,39,58,39,0,0
1447567200,113,1822,0,0,0,1,2,2,4,3,3,2,1,2,2,3,1,5,2,1,4,5,0,1,3,0,1,1,0,0,3,4,0,0,2,1,2,0,2,1,1,2,3,0,0,1,1,0,1,5,2,1,1,0,0,2,1,5,0,2,1,2,0,2,0,0,0,1,1,0,0,2,0,0,0,1,0,0,1,1,0,0,1,1,3,2,1,0,0,0,0,0,1,0,42,22,25,24,38,41,34,0,0
1447480800,142,2325,0,2,0,0,1,1,1,0,2,2,1,1,2,0,2,5,2,6,8,5,0,3,0,1,1,1,0,1,2,6,1,2,2,1,3,2,1,0,1,2,3,0,0,1,0,0,1,3,0,1,1,2,2,3,0,3,2,2,7,2,2,3,3,2,0,4,2,1,0,2,2,1,0,0,1,0,1,1,1,1,0,2,2,1,1,0,3,0,1,0,1,0,43,29,38,32,44,51,45,2,0
1447394400,141,2265,0,2,2,0,4,4,1,4,2,3,2,1,3,3,2,5,3,6,2,2,1,4,2,1,1,0,0,2,2,2,3,0,1,0,0,0,1,3,1,0,1,2,2,0,1,2,0,7,1,1,2,1,0,1,2,1,0,1,3,1,1,2,1,6,0,2,3,0,2,5,0,2,1,2,0,0,0,1,2,0,1,0,1,0,1,0,2,0,1,0,0,1,49,28,27,37,45,51,45,0,0
1447308000,153,2565,0,4,2,3,3,2,3,2,2,2,1,2,1,6,0,3,6,1,3,1,1,0,2,6,3,2,0,0,2,4,0,1,1,2,2,1,5,2,2,2,1,0,1,2,0,0,0,3,0,2,0,3,0,2,1,1,0,1,5,2,2,1,2,6,3,5,0,1,1,4,5,0,0,1,2,2,0,0,0,1,0,0,1,0,1,0,4,0,1,0,0,1,27,41,44,41,44,62,47,0,0
1447221600,118,1946,0,0,0,0,0,0,1,4,0,5,0,2,0,1,1,6,3,0,4,2,0,0,2,1,0,1,1,1,1,0,2,2,1,0,0,1,0,5,3,1,2,0,1,1,0,2,0,3,1,1,0,1,2,2,1,3,2,1,3,0,0,1,2,5,2,2,3,3,0,0,2,0,1,2,0,2,2,1,1,3,1,0,1,0,1,2,1,0,2,0,1,0,28,26,24,40,36,43,37,2,0
1447135200,126,2043,0,6,0,3,2,1,1,3,0,6,1,4,3,1,0,7,1,4,1,2,2,0,1,4,2,1,1,1,3,5,4,2,0,1,0,0,1,2,1,2,3,0,1,2,2,0,0,2,2,0,0,1,0,3,0,2,1,2,4,4,0,0,0,0,2,2,1,0,0,2,2,2,0,0,0,1,0,1,0,1,0,0,0,0,0,1,1,1,1,0,0,0,38,24,32,32,43,46,37,0,0
1447048800,151,2484,0,1,0,1,2,0,1,2,0,2,0,5,0,5,0,9,2,3,3,4,0,0,3,3,1,2,1,1,6,5,1,0,1,2,2,2,1,1,0,0,1,0,0,0,1,1,2,5,1,0,0,0,2,1,3,4,1,3,1,6,0,2,1,0,1,4,3,1,1,3,1,2,2,2,0,4,1,2,0,2,2,2,5,1,4,0,1,0,0,0,0,0,51,30,39,31,45,60,44,2,0
1446962400,127,2110,0,1,0,1,2,3,0,1,1,2,0,4,0,6,0,7,3,4,2,3,1,2,2,1,2,1,0,2,1,1,0,0,1,2,0,2,0,3,0,1,0,2,0,1,0,1,0,3,1,1,3,0,1,2,0,2,2,2,5,2,1,1,1,4,2,4,3,0,4,4,0,2,1,1,0,0,1,0,1,0,3,2,0,1,0,0,1,0,0,0,0,0,38,29,28,32,33,51,42,1,0
1446876000,156,2581,0,2,0,1,5,3,2,3,1,2,1,5,2,3,1,6,2,4,2,4,1,0,2,2,1,1,1,3,5,4,3,1,1,1,0,2,2,1,0,5,1,1,0,2,0,1,0,1,1,1,1,1,1,2,1,4,1,1,3,1,4,2,2,4,0,4,4,0,0,4,1,2,3,0,1,0,3,4,2,0,0,2,1,0,2,0,0,0,1,0,1,0,44,29,43,40,44,58,53,1,0
1446789600,190,3157,0,4,0,0,7,2,3,5,0,6,0,2,0,5,1,11,3,2,9,0,0,2,3,2,1,1,1,1,5,4,4,3,5,4,1,2,1,8,2,1,1,2,2,1,0,2,0,7,0,1,2,0,1,2,3,5,1,2,6,5,0,0,0,4,1,4,2,0,1,5,2,0,1,0,1,0,0,2,1,1,3,3,0,1,0,0,1,0,2,0,0,1,56,39,50,45,60,80,49,1,0
1446703200,124,2180,0,1,2,0,0,2,0,2,1,3,1,4,0,5,0,7,1,3,2,2,4,0,1,4,0,0,0,3,1,2,1,0,3,1,1,1,0,4,0,1,0,0,2,0,0,0,2,2,0,0,0,0,5,1,2,3,1,0,3,2,0,1,0,2,2,7,3,2,1,5,0,2,0,1,1,2,0,1,1,0,2,1,0,1,1,1,0,0,0,1,0,0,37,30,29,28,27,59,32,5,1
1446616800,121,1966,0,2,1,1,1,3,0,5,0,1,1,3,0,3,2,3,1,3,3,2,1,4,2,0,1,2,0,1,2,3,1,0,3,1,0,0,0,3,2,3,2,1,0,1,0,1,0,2,1,3,0,2,1,1,4,2,0,2,3,1,0,2,1,1,3,2,1,1,0,2,0,2,2,1,0,2,0,0,0,1,2,2,1,1,1,2,0,0,0,0,0,0,36,31,23,31,35,47,38,1,0
1446530400,114,1829,0,1,1,3,1,1,0,2,2,0,1,3,1,2,0,4,2,2,4,2,2,1,0,1,2,3,0,1,3,2,1,4,2,1,0,3,0,1,0,1,2,1,0,0,1,3,1,3,0,2,0,2,1,3,1,0,2,2,3,1,0,1,1,0,3,1,1,0,1,1,0,0,0,1,0,0,2,1,1,2,1,1,1,1,1,0,1,0,3,0,0,1,36,25,24,29,38,40,35,1,0
1446444000,138,2299,0,2,3,1,3,2,2,2,2,2,0,4,2,2,1,4,6,4,4,2,0,1,3,1,0,0,0,1,2,3,1,1,0,3,0,1,2,4,0,2,4,1,1,0,3,3,0,2,0,1,0,2,2,0,1,6,0,6,4,0,1,0,2,3,0,3,0,0,1,4,3,1,0,0,1,0,1,0,0,1,4,1,0,0,0,0,1,0,1,0,1,0,36,25,34,43,38,51,47,2,0
1446357600,124,1987,0,2,1,0,4,3,0,1,1,2,0,2,2,5,2,5,0,5,2,4,2,0,1,1,0,1,1,3,3,4,0,1,2,0,2,3,4,3,0,2,2,0,1,1,0,1,0,2,2,1,0,0,2,1,2,3,2,3,3,1,1,2,0,0,1,2,0,0,1,1,2,1,0,2,0,1,1,1,0,1,1,0,1,1,0,0,2,0,1,0,0,0,41,30,28,25,39,40,43,2,0
1446271200,165,2745,0,4,3,0,5,3,5,1,5,3,0,2,1,4,2,5,1,5,3,7,1,1,3,4,1,4,0,3,1,2,1,1,1,1,1,1,0,2,0,2,3,1,2,1,1,2,1,1,1,1,1,5,2,1,1,3,0,1,5,0,2,2,1,2,0,4,1,3,3,3,2,2,1,0,0,3,1,0,1,5,2,1,1,1,0,0,2,0,0,0,0,0,48,36,37,44,45,55,63,2,0
1446184800,166,2737,0,3,0,0,3,1,0,6,1,2,0,3,2,7,0,10,3,5,3,1,2,1,2,2,0,2,0,2,2,4,5,1,3,1,2,1,0,0,1,2,1,1,0,2,4,1,1,3,0,0,1,1,4,3,0,3,1,6,5,2,2,6,2,2,1,1,5,3,0,2,1,1,2,0,0,1,1,1,0,3,2,0,1,2,0,0,2,1,2,0,0,0,50,34,39,43,47,62,53,4,0
1446098400,131,2170,0,4,0,2,1,1,0,1,0,3,0,3,1,2,3,6,2,4,5,2,4,2,3,1,0,1,0,0,3,4,2,1,1,3,0,1,2,6,1,1,2,1,3,0,1,2,0,4,2,0,0,0,2,0,1,1,1,3,6,1,2,2,0,1,0,2,2,1,1,4,0,0,1,0,1,1,0,0,0,1,1,1,0,0,0,1,0,0,3,0,0,0,39,30,25,37,34,49,46,2,0
1446012000,104,1636,0,0,0,0,2,2,1,4,0,2,3,2,0,4,0,5,2,1,4,4,3,0,3,0,0,0,0,1,2,3,1,1,0,3,1,0,0,0,0,1,1,0,0,0,0,2,0,1,2,2,0,0,0,2,0,3,1,3,2,3,0,2,0,0,1,1,1,1,2,3,3,1,0,1,1,2,1,1,0,0,0,0,0,2,0,1,1,0,1,0,1,0,31,21,27,25,34,32,38,0,0
1445925600,120,1989,0,1,0,2,1,2,2,2,2,0,0,0,2,4,0,3,3,7,3,5,1,0,1,3,0,1,0,0,1,2,2,1,2,1,1,1,2,3,1,1,2,2,0,0,1,1,1,6,2,1,0,1,0,1,0,0,3,1,8,1,1,1,2,1,1,2,4,0,0,0,1,0,2,0,1,1,0,0,1,2,1,2,0,0,0,0,1,0,2,0,0,0,41,25,23,31,32,49,39,0,0
1445749200,114,1837,0,1,1,0,3,1,3,2,3,1,1,0,1,2,0,7,0,2,3,4,1,0,2,3,0,0,0,4,2,2,0,1,2,1,2,1,0,1,0,0,1,1,0,0,1,1,0,5,2,0,0,0,0,1,0,2,2,2,3,1,0,1,0,3,1,4,1,1,1,4,1,0,1,0,1,1,2,1,0,1,4,1,0,0,2,1,1,0,2,0,0,0,41,19,25,29,40,39,35,0,0
1445662800,160,2680,0,4,3,2,5,0,0,2,2,2,0,3,1,3,0,12,2,3,4,3,3,1,1,1,2,2,0,2,3,4,2,1,4,1,0,4,0,2,1,1,6,2,1,0,1,4,2,1,1,1,0,0,6,0,2,0,1,2,4,4,2,1,1,1,1,3,5,1,0,4,1,1,0,1,0,1,0,0,0,1,3,0,1,1,1,2,1,0,2,1,0,0,56,30,34,40,48,57,48,6,1
1445576400,154,2611,0,4,0,2,1,1,2,2,3,1,3,5,0,5,2,3,1,3,3,3,2,1,2,1,1,1,0,0,7,4,0,1,4,2,1,1,4,3,2,0,0,0,1,1,0,0,0,1,1,1,0,0,3,2,1,5,4,3,4,1,1,2,2,6,0,3,2,2,1,3,1,1,1,0,3,2,0,2,2,0,0,2,3,1,2,0,1,0,2,0,0,0,50,33,34,37,40,67,44,3,0
1445490000,145,2401,0,2,1,2,0,3,1,1,3,3,0,1,1,3,1,4,2,2,5,4,1,0,1,3,1,0,0,2,3,2,1,1,1,1,0,3,5,6,0,0,5,3,1,0,1,1,0,1,2,0,1,2,0,1,1,3,3,4,4,3,2,2,1,3,0,3,4,1,0,5,1,1,0,1,0,1,3,0,3,4,0,0,1,1,0,1,0,0,1,0,0,0,41,39,27,38,36,57,52,0,0
1445403600,149,2461,0,4,1,2,5,1,0,2,1,4,1,5,2,4,2,3,1,4,5,3,1,0,1,0,0,2,2,0,3,2,2,1,2,2,1,3,0,3,0,0,1,1,1,1,4,2,0,5,0,0,1,2,1,1,1,0,1,1,5,1,1,1,1,2,3,4,2,1,0,5,0,2,1,3,1,1,0,1,2,3,2,0,2,2,1,0,1,0,1,0,1,1,44,34,37,34,37,58,53,1,0
1445317200,154,2437,0,3,0,2,2,4,2,1,2,4,2,6,0,6,1,6,1,3,3,3,2,1,0,1,1,0,1,5,1,1,2,2,0,1,3,2,2,1,0,2,3,0,1,0,1,5,1,7,1,1,1,0,0,0,0,2,1,3,2,3,4,4,1,3,0,2,1,1,1,2,4,1,2,2,0,0,1,2,0,1,2,0,1,0,0,1,1,1,2,0,1,2,47,39,24,44,55,50,49,0,0
1445144400,105,1795,0,1,2,0,2,1,0,3,3,0,0,4,0,0,0,3,6,1,9,2,1,0,1,0,0,1,0,1,1,2,3,0,1,0,0,0,1,2,0,1,1,1,0,0,2,0,0,3,2,0,0,0,4,1,1,2,1,1,4,1,2,3,0,2,0,3,3,0,2,0,0,1,1,0,1,0,0,1,2,2,1,1,1,2,0,0,0,0,1,0,0,0,33,24,27,21,23,47,31,4,0
1445058000,140,2340,0,2,1,1,5,1,0,2,0,3,1,1,0,6,2,4,5,3,4,1,0,1,2,3,2,3,2,3,0,4,1,2,2,2,0,1,3,0,0,3,2,0,1,2,1,4,1,3,0,0,2,2,4,1,2,5,1,0,0,1,1,1,0,0,2,1,4,1,0,1,1,0,0,1,2,5,0,0,0,1,5,1,2,0,0,0,1,0,2,0,0,0,38,33,35,34,35,51,50,4,0
1444971600,153,2555,0,0,1,4,2,4,3,5,2,2,0,7,0,5,0,10,3,5,2,2,0,2,2,1,1,1,1,1,3,4,0,0,1,3,1,0,1,3,0,1,0,2,0,0,0,4,0,2,2,1,2,1,1,1,3,0,1,3,6,4,0,0,2,2,2,4,1,1,2,1,2,0,0,2,1,1,1,0,0,3,5,1,2,0,1,1,0,0,1,0,1,0,53,32,26,42,45,67,40,1,0
1444885200,262,4320,0,5,2,5,6,3,3,3,2,5,3,8,2,9,2,5,6,5,5,6,1,3,5,4,0,2,4,2,4,5,1,3,5,3,2,2,5,1,1,1,4,1,1,2,0,1,1,10,1,5,1,2,3,6,2,4,2,3,8,2,1,4,1,2,4,3,5,0,1,6,0,4,1,0,1,4,1,3,4,2,3,1,3,2,0,1,3,1,2,0,0,1,70,64,61,67,74,94,91,3,0
1444798800,132,2146,0,1,0,1,0,3,1,5,0,2,2,0,2,0,1,7,6,3,6,0,2,2,4,0,0,1,1,3,0,3,2,1,1,2,3,3,0,2,1,0,3,1,1,0,0,1,0,2,2,0,2,1,3,1,3,1,1,3,3,2,2,2,0,1,1,0,1,1,1,1,2,0,3,0,1,1,1,0,0,2,2,1,0,2,0,1,2,0,3,0,0,0,38,33,26,35,40,41,48,3,0
1444712400,141,2326,0,3,0,0,2,1,0,2,2,1,0,1,0,4,3,5,0,2,6,4,0,1,4,2,1,0,1,1,1,4,3,1,2,0,0,1,1,3,1,2,0,2,2,2,3,4,1,4,4,0,0,0,0,1,2,3,3,2,5,3,2,2,3,1,1,1,1,1,0,0,2,1,2,1,3,3,1,0,0,2,4,0,0,0,1,0,0,1,2,0,0,0,47,29,28,37,39,61,41,0,0
1444539600,118,1916,0,2,0,0,0,3,4,3,1,2,0,1,1,8,2,5,2,2,2,2,3,0,3,2,0,0,0,4,3,2,2,0,1,0,0,0,2,1,1,0,4,1,0,2,0,0,0,1,0,1,0,1,0,3,2,3,1,2,3,0,1,1,3,1,2,0,1,2,1,1,0,1,2,0,0,2,1,2,2,0,2,1,3,0,0,0,1,0,0,0,0,0,31,32,22,33,35,38,45,0,0
1444453200,141,2310,0,2,0,2,2,2,1,1,1,4,1,2,1,0,0,6,2,5,8,4,1,1,2,1,0,2,0,1,6,4,4,1,2,1,5,3,1,2,0,0,2,0,0,2,2,0,0,4,3,0,1,0,0,1,0,2,1,2,3,0,1,2,2,2,2,5,4,1,0,1,1,0,0,3,3,0,0,2,0,1,2,1,1,0,1,0,0,0,1,1,0,0,44,27,35,35,41,53,46,0,1
1444366800,147,2513,0,3,1,1,0,2,0,0,0,5,0,0,2,6,1,6,1,1,3,2,2,1,1,0,0,0,0,1,0,6,2,1,1,1,0,1,1,4,0,3,1,3,2,1,0,2,1,1,3,1,1,0,1,1,1,6,0,2,8,3,2,2,2,5,0,6,1,0,1,4,1,1,0,0,3,0,2,4,0,2,3,0,0,0,0,2,2,0,7,0,0,0,30,29,41,47,39,70,37,1,0
1444280400,119,1976,0,1,1,1,2,2,0,2,0,3,0,4,1,1,2,7,1,6,3,2,0,1,1,1,0,0,1,2,1,6,0,2,3,0,0,3,0,1,2,1,1,0,0,0,4,0,0,1,1,0,0,1,0,0,1,2,1,2,10,1,1,2,0,1,2,3,1,1,0,1,1,0,1,0,0,1,0,1,0,2,0,2,3,0,0,0,2,0,4,0,1,0,40,20,31,28,31,52,36,0,0
1444194000,133,2092,0,1,1,1,1,1,3,2,1,3,0,3,0,7,0,5,5,2,7,2,1,2,3,2,5,2,0,3,2,3,2,1,1,0,2,1,1,0,0,2,3,2,0,0,0,0,0,4,4,1,1,2,0,3,0,0,0,3,1,1,0,4,0,0,2,0,2,0,1,0,1,0,3,1,1,1,2,1,1,2,1,1,0,1,0,0,2,0,3,0,0,0,31,36,22,44,52,39,42,0,0
1444107600,136,2216,0,0,0,0,1,3,1,4,0,1,0,6,1,6,1,4,3,5,4,3,1,3,0,3,2,2,0,2,1,1,1,1,2,0,3,1,1,5,0,5,1,0,0,1,1,1,0,2,1,1,2,2,0,2,1,1,1,4,2,3,1,2,1,2,2,3,2,1,0,2,1,1,2,0,0,1,0,2,2,0,4,1,2,1,0,0,0,0,0,0,0,0,37,36,25,38,41,55,40,0,0
1443934800,128,2142,0,1,1,0,2,2,1,1,1,1,2,1,2,2,0,5,5,3,4,3,1,0,1,3,2,5,2,1,0,3,4,1,1,0,0,2,0,3,2,0,1,4,0,0,2,0,2,3,3,0,1,1,0,1,0,5,0,2,3,2,2,2,3,3,3,2,0,1,1,1,0,0,0,0,2,1,1,0,2,1,0,1,1,0,0,1,0,0,2,0,0,0,34,33,34,27,34,55,39,0,0
1443848400,147,2401,0,3,2,1,4,2,1,9,1,1,4,5,1,4,2,10,1,5,4,4,3,1,0,1,2,1,1,1,5,5,1,2,2,2,0,1,1,3,0,2,1,1,2,1,3,1,1,2,1,2,0,0,2,1,1,0,0,1,3,0,2,0,0,3,2,1,1,0,0,1,0,1,0,0,0,0,1,1,2,0,0,0,0,1,1,1,1,2,4,0,0,1,59,32,24,32,44,62,39,2,0
1443762000,125,2075,0,1,3,2,2,6,0,3,1,1,1,1,0,8,2,4,4,5,3,1,1,0,1,1,0,0,0,1,4,1,1,1,2,2,1,1,0,3,1,1,1,0,0,0,0,1,1,0,0,0,0,1,2,0,0,5,1,0,3,4,2,0,1,2,1,1,2,1,0,2,3,1,2,1,1,2,1,1,1,1,1,2,3,1,1,1,0,0,1,0,0,0,47,30,28,20,30,54,39,2,0
1443675600,194,3202,0,3,3,2,5,2,0,6,2,11,4,5,1,3,0,1,3,6,7,2,3,2,0,5,2,0,0,5,4,2,1,1,3,0,0,1,0,5,1,2,5,1,1,0,1,3,1,3,5,0,0,1,4,1,2,4,2,2,4,3,3,0,1,1,3,4,2,2,1,3,2,2,1,0,1,2,1,2,1,0,9,1,2,1,0,0,0,0,2,0,1,0,61,42,35,56,50,71,69,4,0
1443589200,130,2198,0,1,1,1,3,1,1,3,3,3,1,4,0,5,1,5,3,7,2,1,2,2,1,0,2,0,0,0,0,3,1,1,1,0,1,1,2,3,0,1,2,1,0,1,0,2,1,3,0,0,1,1,2,1,2,3,3,1,6,2,0,3,0,2,3,3,0,2,0,2,0,1,0,0,1,2,0,1,1,0,2,1,1,0,1,1,1,1,2,0,0,0,40,32,31,27,30,52,46,2,0
1443502800,163,2762,0,3,2,1,1,3,5,3,3,1,3,6,2,4,0,10,2,4,3,3,0,0,2,2,1,1,0,1,3,8,3,2,1,0,0,1,2,3,1,2,3,2,0,1,2,1,1,1,1,1,1,0,2,1,1,2,2,4,5,3,3,1,2,1,1,3,3,0,1,2,3,0,0,0,2,3,0,1,0,0,3,1,1,0,2,0,1,1,1,1,0,0,54,27,39,43,51,68,41,2,1
1443416400,121,2035,0,3,1,2,3,3,3,0,1,0,1,3,0,3,2,2,3,3,3,3,0,1,1,1,2,2,0,2,2,3,1,0,4,1,2,3,0,1,1,2,2,0,0,0,2,0,0,2,0,2,1,0,2,2,2,4,1,2,3,2,0,3,0,1,0,1,1,1,1,3,1,1,0,0,0,2,0,0,0,0,1,0,0,2,0,2,0,1,4,0,1,0,35,28,33,25,35,49,35,2,0
1443330000,139,2315,0,4,0,2,3,2,3,6,0,3,2,1,2,1,1,3,2,2,0,2,1,1,0,3,0,1,3,3,1,7,0,2,0,1,1,3,2,3,0,0,2,0,0,0,1,2,3,4,2,0,0,1,0,1,0,3,2,4,7,3,3,3,2,2,1,2,1,0,1,4,0,1,0,1,0,0,0,1,2,1,0,1,0,1,2,1,2,0,1,0,0,0,38,34,37,30,42,57,40,0,0
1443243600,139,2247,0,3,3,2,1,1,0,0,3,4,2,0,2,4,2,10,2,2,3,3,2,1,0,0,2,0,0,2,4,3,3,0,0,0,0,1,1,4,0,1,0,0,2,2,1,1,1,3,0,0,2,0,2,0,0,6,1,3,5,1,3,2,1,2,2,3,1,1,1,2,1,2,0,2,0,1,1,2,1,0,2,1,2,0,1,0,2,0,1,0,0,1,48,33,34,24,46,49,42,2,0
1442984400,133,2163,0,4,0,1,1,1,1,3,3,2,0,2,1,2,1,9,0,5,2,2,0,0,1,1,2,1,0,1,2,2,0,0,2,0,0,2,2,1,0,0,2,0,0,0,0,2,0,5,5,0,0,2,1,2,2,4,1,2,3,4,0,0,0,6,0,1,2,0,2,2,1,2,2,0,1,1,1,2,2,0,3,1,2,1,1,1,4,1,1,1,0,0,55,24,24,30,49,49,33,1,1
1442898000,131,2170,0,2,0,1,3,2,0,1,1,0,0,3,0,3,0,2,2,2,1,4,0,1,3,0,1,0,0,4,0,2,0,0,2,1,0,0,2,4,0,1,2,1,1,0,2,3,1,4,3,1,2,1,2,2,0,1,1,2,3,3,2,0,3,2,2,3,0,1,2,5,1,2,3,1,0,2,4,2,0,3,1,1,0,0,1,0,3,0,2,1,1,0,42,28,27,34,37,46,45,2,1
1442811600,132,2131,0,3,0,0,2,3,0,4,0,0,0,1,1,2,0,6,7,4,6,0,2,0,1,3,1,3,1,2,3,2,3,0,1,0,0,0,1,3,0,0,1,2,0,0,1,4,1,5,2,2,2,0,0,0,1,2,6,0,2,1,1,2,1,1,2,3,1,3,1,1,1,0,0,1,3,2,0,3,0,2,1,0,2,0,1,0,2,0,1,0,0,0,47,28,32,25,38,50,44,0,0
1442725200,108,1829,0,1,1,1,1,1,0,2,1,2,1,1,0,3,1,1,1,1,5,2,1,0,0,1,1,2,0,2,4,5,0,0,2,0,1,1,0,3,0,0,1,1,1,1,1,1,0,3,0,0,0,0,1,2,1,3,1,5,4,6,0,1,1,5,3,1,1,0,0,1,0,1,0,0,0,0,2,0,0,1,2,1,0,1,2,2,0,0,1,0,1,0,34,24,25,25,28,55,24,1,0
1442638800,141,2287,0,1,0,0,4,4,1,3,0,3,0,2,0,5,2,4,0,2,2,4,1,0,5,1,2,1,0,1,3,0,3,2,3,3,0,1,2,1,2,1,2,0,2,2,0,1,1,4,2,3,0,0,0,2,1,8,1,0,2,2,2,2,0,3,1,5,1,0,2,6,3,0,2,2,0,0,1,2,1,0,0,2,1,0,1,0,1,0,0,0,1,0,40,28,40,33,38,48,55,0,0
1442552400,164,2722,0,4,0,2,0,5,0,5,4,2,0,4,2,9,1,4,2,3,4,2,1,1,3,3,1,4,2,3,5,4,2,1,1,0,4,2,1,1,5,0,1,0,0,2,0,2,0,2,2,0,1,0,5,1,1,1,1,2,5,2,1,2,0,1,1,4,3,1,0,3,1,3,1,1,0,2,1,1,1,3,2,0,1,0,0,1,2,0,2,0,0,1,51,45,35,33,49,71,39,5,0
1442466000,138,2242,0,1,1,1,4,0,2,1,1,1,0,3,2,2,0,7,4,6,5,6,1,1,0,2,1,1,1,3,3,0,3,1,1,0,1,0,3,2,0,2,4,0,0,2,4,3,1,3,1,3,0,0,1,1,1,1,2,0,6,2,1,2,1,2,3,2,1,1,0,4,1,2,0,0,1,0,0,0,0,1,1,1,2,1,0,1,0,0,1,0,1,0,46,33,30,29,38,45,54,1,0
1442379600,136,2185,0,5,0,1,3,2,3,1,1,2,3,3,2,2,0,4,4,4,4,1,1,2,2,1,2,1,0,0,3,5,0,0,2,0,2,3,1,1,3,0,2,0,0,0,2,4,0,4,1,1,1,0,1,2,1,3,1,3,4,1,1,3,2,1,1,2,2,1,1,0,0,1,0,0,1,1,0,1,1,1,1,3,2,2,0,1,1,0,1,0,0,0,46,29,31,30,50,46,39,1,0
1442293200,158,2550,0,7,0,0,2,0,0,4,0,1,2,5,3,5,0,7,8,5,6,1,1,1,2,0,0,4,1,0,4,4,3,2,3,0,2,1,0,3,2,0,2,2,1,1,2,2,1,2,1,0,0,2,3,2,3,3,2,4,2,0,3,2,0,0,4,2,2,0,2,3,2,0,0,1,0,1,0,1,0,0,2,0,1,0,0,3,1,1,1,0,0,2,46,43,41,28,52,53,50,3,0
1442206800,129,2165,0,5,0,0,0,1,4,2,1,3,1,5,0,4,1,6,2,4,2,1,0,1,2,3,0,2,0,2,2,2,4,4,0,0,2,5,0,2,0,1,2,0,1,2,2,1,0,3,2,0,0,0,1,0,1,2,2,0,4,0,2,1,3,2,0,1,3,0,0,5,0,2,0,0,1,0,2,1,0,0,1,1,1,1,0,1,1,0,3,0,0,0,39,19,31,40,38,49,41,1,0
1442120400,108,1838,0,1,0,0,2,2,3,1,0,1,0,4,0,5,0,4,0,3,1,3,1,1,3,2,1,1,0,1,2,3,2,0,2,2,0,2,1,0,0,1,1,1,2,0,0,3,1,0,0,1,1,1,0,0,2,4,2,0,6,2,0,2,1,1,0,3,0,0,2,3,2,3,0,0,0,0,0,0,1,0,1,0,0,4,0,0,3,0,0,0,0,0,26,23,32,27,28,47,33,0,0
1442034000,156,2588,0,1,0,4,3,4,1,7,1,4,2,2,0,8,2,3,0,1,0,3,5,0,4,1,1,2,2,1,2,3,1,0,2,0,3,3,2,3,2,2,6,1,0,2,1,1,0,3,1,0,1,0,0,2,2,2,1,3,5,3,0,5,1,2,2,5,2,2,1,2,2,2,0,0,0,0,0,2,1,0,1,1,3,1,0,0,1,1,0,0,0,0,43,42,35,36,35,66,55,0,0
1441947600,167,2762,0,3,0,3,1,3,5,1,2,6,3,3,2,8,2,4,2,5,2,3,2,1,2,1,6,0,0,3,1,2,2,2,1,2,0,2,3,3,2,2,0,1,0,1,0,2,2,1,1,1,0,3,2,1,2,3,0,4,4,4,0,0,0,2,4,4,4,3,1,2,2,1,0,0,1,2,0,4,1,2,0,2,1,1,0,0,1,1,1,0,0,0,41,52,33,41,54,58,53,2,0
1441861200,148,2416,0,0,1,1,1,2,1,5,1,2,0,2,3,3,1,8,6,2,6,4,3,2,1,0,1,1,0,1,2,2,3,1,2,1,2,1,5,2,1,2,0,1,1,0,3,1,1,5,0,1,2,2,1,1,0,3,1,0,2,1,6,1,2,6,0,7,0,0,1,2,0,0,2,0,0,2,0,0,1,0,2,2,1,1,1,1,1,0,0,0,1,0,45,39,33,31,42,56,49,1,0
1441774800,157,2580,0,2,1,0,4,1,1,2,4,2,1,3,3,3,0,8,2,4,6,2,0,0,7,1,2,2,0,2,3,3,2,0,2,0,1,2,2,5,0,1,0,2,0,0,3,2,2,1,1,0,2,2,1,1,1,1,1,8,6,5,4,2,0,2,1,2,3,1,1,4,0,1,1,0,0,1,0,0,1,0,2,1,4,1,0,0,1,0,0,0,0,1,51,40,32,34,45,60,51,1,0
1441688400,133,2250,0,1,1,1,0,4,1,0,3,2,1,5,1,5,0,3,1,3,3,2,1,0,1,1,2,3,0,5,2,2,2,1,1,3,2,2,0,3,0,1,1,1,1,1,1,1,1,3,1,0,1,0,1,0,1,5,1,2,5,1,2,3,1,4,0,1,5,1,4,5,0,1,1,0,0,2,1,0,1,3,0,1,0,0,0,0,0,0,0,0,0,0,33,39,29,32,32,59,41,1,0
1441602000,140,2283,0,0,1,0,2,2,1,4,1,3,4,2,1,5,0,8,2,5,1,3,1,1,3,5,1,1,0,3,1,5,1,2,0,1,0,0,1,1,0,0,0,0,1,1,3,1,1,2,1,0,2,0,1,2,0,0,2,0,3,2,1,0,0,4,1,1,4,1,2,3,3,2,1,2,1,4,1,3,1,4,0,0,2,0,0,1,2,0,1,0,0,1,46,24,32,38,42,52,45,1,0
1441515600,92,1492,0,2,1,1,0,2,1,1,2,4,0,2,1,3,0,2,1,2,5,2,0,0,2,2,0,0,0,1,1,1,1,0,1,2,0,1,1,1,0,0,1,1,0,0,0,4,0,3,0,0,0,0,2,2,2,0,2,1,2,1,1,2,0,2,0,1,1,1,0,0,2,0,1,0,2,2,1,1,3,0,1,0,1,0,0,2,0,1,0,0,0,0,30,27,14,21,30,33,27,2,0
1441429200,153,2538,0,4,1,0,1,3,2,5,2,3,0,6,0,2,2,2,2,3,5,3,0,1,3,2,2,0,0,6,2,4,3,1,2,0,1,1,4,3,3,0,1,1,1,0,1,0,0,5,0,1,3,1,0,1,0,4,1,3,5,3,1,1,4,3,1,0,4,0,0,4,3,1,1,0,1,1,2,0,0,0,2,0,4,2,2,1,0,0,0,0,0,0,48,32,33,40,42,66,45,0,0
1441342800,179,2961,0,0,1,2,2,6,5,9,2,1,0,1,2,6,2,7,4,3,11,3,0,1,2,4,1,3,0,4,4,3,2,2,0,2,2,1,2,3,0,3,0,1,0,1,2,3,0,2,0,1,1,1,1,2,1,3,2,3,7,5,0,1,1,3,2,1,2,2,4,0,5,0,1,0,2,3,1,0,1,1,1,0,1,2,2,1,0,0,0,0,0,0,55,48,41,35,55,80,43,1,0
1441256400,138,2253,0,6,2,2,2,0,3,2,0,0,4,2,0,6,2,4,2,2,2,4,0,2,3,2,3,2,1,3,2,3,0,1,6,1,3,0,1,0,0,2,0,0,1,1,2,1,1,4,1,0,0,2,1,2,1,5,1,4,4,2,0,2,0,2,1,3,3,1,1,2,1,1,0,0,1,2,0,0,0,1,0,2,1,1,0,0,0,0,0,0,0,0,49,32,30,27,49,54,34,1,0
1441170000,111,1866,0,1,0,1,7,2,1,1,2,0,0,3,1,4,2,2,2,4,7,2,0,1,2,3,0,3,0,1,2,3,1,1,1,2,1,2,0,0,0,0,2,0,0,0,0,1,1,2,1,0,1,0,0,1,2,1,0,2,6,1,1,1,0,1,2,0,1,0,2,5,3,1,1,1,0,1,2,0,1,0,0,0,1,0,0,0,0,0,1,0,0,0,28,28,35,20,24,46,41,0,0
1441083600,146,2353,0,2,1,1,2,2,1,1,1,5,0,0,2,3,0,7,3,5,1,2,0,1,3,1,1,0,1,2,2,2,0,0,2,0,3,0,3,1,0,2,4,1,0,0,2,3,0,5,1,0,0,2,3,1,1,5,3,4,7,4,0,2,1,2,2,2,2,1,1,1,3,2,1,0,1,2,0,3,1,3,0,0,0,0,0,0,4,0,2,0,1,0,46,30,31,39,53,47,43,3,0
1440997200,126,2081,0,2,2,2,2,1,1,2,1,2,1,4,1,4,1,2,2,5,1,3,2,1,3,1,1,3,0,0,3,5,2,1,1,1,4,1,2,3,1,1,2,0,0,0,0,4,0,2,1,1,0,0,0,1,1,1,0,0,4,3,1,2,1,4,3,3,0,2,0,5,0,0,0,0,1,0,0,2,1,1,0,2,0,0,1,0,0,0,1,0,0,1,36,30,33,27,34,48,44,0,0
1440910800,94,1495,0,2,0,0,2,3,0,1,0,3,1,2,1,0,1,6,2,2,3,1,1,0,1,1,1,0,0,2,4,1,0,0,4,1,1,0,2,4,0,0,0,2,0,0,0,2,0,2,1,0,1,0,1,2,1,3,1,0,2,3,1,0,0,1,0,1,0,1,0,2,0,1,0,1,0,1,0,4,0,0,1,0,1,0,0,1,1,1,1,0,0,1,37,21,21,15,35,34,24,1,0
1440824400,123,2035,0,3,1,1,5,0,1,1,0,1,1,2,0,2,0,1,2,1,3,3,1,2,0,1,0,1,0,3,2,1,1,1,2,1,1,2,1,1,1,1,0,1,2,0,2,2,1,2,0,0,1,0,4,1,2,6,1,5,4,2,1,0,1,2,2,2,3,1,1,2,1,1,1,2,0,1,1,1,0,2,2,1,1,4,0,0,3,0,0,0,0,0,32,23,34,34,41,44,34,4,0
1440738000,161,2647,0,4,2,1,4,3,1,1,1,3,3,4,1,4,1,2,4,4,4,6,1,2,0,4,0,3,0,3,1,1,1,0,1,2,0,0,1,2,1,3,3,0,1,2,1,3,2,3,2,2,1,1,2,3,1,5,0,3,3,4,3,2,0,3,6,2,3,0,0,4,0,0,0,0,2,1,0,0,2,1,3,1,0,1,0,2,2,0,1,0,0,1,46,38,35,42,44,58,57,2,0
1440651600,128,2118,0,1,1,2,5,4,0,1,2,3,1,4,0,3,1,4,4,3,2,4,0,1,2,0,1,0,1,2,3,4,2,3,1,0,1,0,1,4,0,1,0,1,1,0,0,0,3,6,0,1,0,0,1,1,1,0,0,3,3,3,3,1,0,3,1,4,4,1,1,0,1,2,0,0,1,1,0,1,1,0,1,0,1,0,1,0,2,1,0,0,0,1,37,32,28,31,36,55,36,1,0
1440565200,139,2329,0,2,0,0,1,2,2,6,1,0,1,4,1,6,0,5,2,5,3,3,2,1,0,4,1,2,0,0,1,4,2,3,2,1,1,1,4,5,0,2,2,1,0,0,0,0,2,1,1,0,1,0,3,0,1,3,1,3,2,3,1,1,0,2,3,0,1,0,1,2,1,0,1,0,0,1,1,6,2,0,2,1,1,0,0,1,1,1,3,0,1,1,41,35,28,35,40,58,38,3,0
1440478800,115,1959,0,1,0,1,0,1,5,2,0,2,1,1,1,4,0,4,2,1,1,4,1,0,1,2,0,0,0,1,1,1,1,1,4,0,1,0,3,2,1,1,0,2,0,1,1,2,0,2,1,0,1,0,3,2,1,1,1,3,4,1,0,0,1,4,1,3,1,1,1,4,2,4,0,0,1,3,0,2,1,2,0,0,1,0,0,2,0,0,2,1,0,0,33,26,26,30,39,44,28,3,1
1440392400,106,1697,0,2,0,0,0,0,0,4,0,1,2,2,0,6,2,4,2,3,4,2,1,1,2,2,0,1,0,3,3,2,1,1,2,1,0,0,1,0,0,0,1,0,0,0,0,1,0,3,2,0,0,1,2,1,1,2,3,4,2,0,0,2,2,1,3,1,0,1,0,3,0,1,1,0,0,3,3,0,0,0,1,2,0,1,0,0,1,2,0,0,0,0,40,26,19,21,32,35,37,2,0
1440306000,105,1702,0,1,0,0,1,4,3,1,1,2,3,1,1,5,2,6,1,4,2,0,1,1,0,1,0,0,1,1,2,2,2,1,0,1,1,1,1,2,2,2,1,0,1,0,1,2,1,1,1,0,0,0,0,1,1,1,2,1,6,2,0,2,1,1,2,0,0,0,0,2,3,0,1,0,0,2,2,0,0,0,1,0,3,0,0,0,1,0,2,0,0,0,38,23,22,22,33,37,35,0,0
1440219600,148,2406,0,2,0,0,4,1,0,2,0,1,0,3,0,6,1,9,5,5,5,3,3,0,1,2,0,1,2,0,3,2,1,0,3,2,1,1,5,3,2,1,2,0,1,0,0,3,0,4,0,0,2,0,2,1,2,3,0,5,4,2,2,2,3,0,2,2,0,1,3,4,0,1,2,2,0,2,0,0,1,1,2,1,2,0,0,0,4,0,0,0,0,0,45,40,30,33,41,50,55,2,0
1440133200,163,2601,0,1,0,1,3,4,0,4,1,2,4,4,2,2,1,6,5,9,2,2,0,1,2,2,3,0,0,1,4,5,2,3,2,0,0,1,4,1,0,1,1,0,1,0,1,5,1,4,2,0,4,0,2,3,0,0,1,1,7,3,1,3,1,2,2,0,1,3,1,3,2,0,3,0,2,3,1,0,2,0,2,2,3,2,0,0,2,0,1,0,0,0,66,29,36,32,50,52,59,2,0
1440046800,116,1908,0,1,1,0,1,1,2,4,1,1,0,4,0,4,2,4,2,3,2,3,1,0,1,1,0,0,2,1,2,1,1,2,2,1,1,0,1,2,0,1,2,0,0,1,0,1,0,3,1,0,1,3,1,1,2,3,2,1,3,1,0,2,3,1,4,3,1,0,1,3,2,0,1,1,0,1,1,0,0,0,2,2,2,0,0,1,3,0,0,0,0,0,39,27,22,28,32,42,41,1,0
1439960400,138,2333,0,3,1,2,1,3,1,1,1,3,1,6,3,2,2,3,1,2,4,1,1,2,2,1,0,1,0,1,0,2,2,3,6,0,2,0,1,3,0,1,1,0,1,1,1,3,2,2,2,0,0,0,1,3,0,2,0,4,2,5,0,1,3,5,3,3,2,0,2,3,0,2,0,0,1,0,1,1,1,1,0,2,1,0,1,1,1,0,3,0,0,1,42,30,24,42,41,65,31,1,0
1439874000,128,2101,0,4,0,0,2,3,1,1,0,3,0,3,2,5,1,7,1,2,4,1,1,1,0,0,0,1,1,2,2,6,3,0,0,0,3,2,3,1,1,1,2,1,0,0,1,1,1,0,1,0,0,0,1,4,1,3,2,2,2,2,1,2,2,1,1,4,3,0,2,3,0,1,1,1,0,2,0,2,1,0,1,1,2,1,0,0,0,1,3,0,0,0,32,33,36,27,41,50,36,1,0
1439787600,161,2626,0,6,1,1,1,0,2,3,2,3,2,2,3,0,0,11,1,5,6,4,1,3,5,1,0,2,0,2,1,3,4,1,0,1,2,2,3,2,0,0,3,2,0,0,0,3,2,0,1,0,0,1,0,2,2,4,2,2,4,4,1,1,1,6,2,4,3,1,1,4,3,2,1,1,2,1,0,1,0,0,1,1,0,3,0,0,1,0,1,0,0,1,46,33,40,42,54,57,50,0,0
1439701200,128,2139,0,1,0,0,3,0,3,4,0,2,1,3,0,0,0,5,3,3,3,4,3,1,2,1,0,2,1,3,1,0,0,0,2,2,0,1,1,2,1,1,1,3,1,0,0,1,1,2,1,3,1,2,2,0,3,4,1,0,2,1,1,0,1,3,4,1,1,2,1,5,2,1,0,0,1,1,1,1,0,3,3,1,2,1,1,1,1,1,0,0,0,0,34,30,27,37,31,41,54,2,0
1439614800,140,2252,0,5,0,0,0,5,1,1,1,3,2,4,2,5,0,5,3,3,1,3,0,0,1,4,1,0,1,2,3,3,0,1,1,2,2,3,2,2,2,1,1,1,1,0,4,0,1,1,3,2,0,2,2,3,1,2,3,2,0,0,2,1,1,2,4,3,2,1,2,3,1,0,3,1,0,1,1,0,1,0,1,1,2,0,0,1,1,0,1,0,0,0,46,38,22,34,42,46,50,2,0
1439528400,188,3017,0,4,1,2,1,2,2,3,1,6,4,2,1,5,1,10,6,4,4,4,1,1,2,1,0,1,0,1,7,6,2,0,0,1,2,1,1,4,1,2,3,1,0,2,3,1,0,4,6,2,0,0,3,1,5,2,3,4,4,2,2,0,1,1,4,3,1,1,0,1,2,3,1,1,0,2,1,3,1,2,5,0,1,2,3,1,2,0,1,0,0,0,65,39,42,42,63,60,62,3,0
1439442000,132,2074,0,5,0,1,0,6,1,0,1,1,1,2,1,3,1,6,1,5,5,3,1,0,1,2,4,0,1,0,4,2,2,1,3,0,0,3,1,2,1,1,1,1,1,0,2,2,0,4,1,0,0,0,0,2,1,0,1,1,6,3,1,2,1,1,2,1,2,1,0,1,1,1,1,1,0,2,0,3,2,1,2,2,1,2,1,0,0,0,0,0,0,2,51,29,29,23,50,48,34,0,0
1439355600,144,2366,0,3,1,2,2,1,3,4,1,1,0,5,1,2,0,3,2,6,4,2,1,0,2,2,3,1,2,2,2,3,3,1,0,1,0,0,1,4,1,3,3,1,0,1,1,2,1,6,4,0,0,0,2,1,2,2,1,1,4,1,0,2,0,3,2,3,1,1,0,2,1,2,1,0,1,3,1,0,1,4,1,1,1,1,0,0,2,0,1,0,0,1,43,34,30,37,48,53,41,2,0
1439269200,137,2290,0,1,1,2,0,1,0,4,0,4,0,1,1,5,1,5,1,3,4,1,1,1,3,1,1,1,2,1,1,1,1,0,0,1,2,1,1,2,0,2,1,0,0,1,1,2,0,3,1,0,2,1,2,3,5,2,2,0,2,3,1,5,1,5,2,7,2,0,0,1,0,1,1,2,1,1,1,2,1,3,1,0,4,0,0,1,3,0,0,1,1,0,40,39,24,34,36,56,42,2,1
1439182800,125,2139,0,1,1,1,2,3,1,2,1,0,1,4,0,2,0,2,2,1,4,0,2,1,2,5,0,1,2,2,1,3,1,0,2,0,4,1,1,2,2,2,0,1,0,0,1,1,1,1,0,2,0,0,1,2,2,2,1,0,3,2,2,1,0,6,3,5,0,2,1,3,1,3,0,1,3,3,2,1,0,1,0,1,2,2,0,0,0,0,0,0,0,0,27,35,32,31,31,60,33,1,0
1439096400,126,2003,0,2,1,1,2,2,2,2,2,4,0,2,1,3,3,5,3,3,3,5,2,1,2,0,1,0,1,4,3,1,2,1,0,0,0,0,2,0,0,4,4,2,2,0,0,3,0,0,3,0,0,1,1,0,0,0,1,1,5,2,2,2,0,1,0,5,2,3,0,1,3,1,0,1,0,0,0,1,1,1,2,0,2,0,0,0,2,0,1,0,0,0,40,26,23,37,42,36,47,1,0
1439010000,167,2716,0,2,1,0,4,3,0,6,5,5,0,2,2,5,0,6,2,3,2,1,0,1,2,4,3,2,0,0,2,3,1,3,1,3,0,2,3,2,1,1,1,0,0,1,2,5,2,5,3,1,1,0,2,4,1,1,2,3,1,3,1,1,1,2,0,5,3,1,4,3,2,1,0,1,1,1,0,3,1,1,2,0,0,2,3,0,4,0,3,0,0,0,53,33,40,41,56,65,44,2,0
1438923600,161,2626,0,2,0,4,1,3,1,1,0,3,3,4,0,10,2,9,2,4,0,9,1,1,4,1,2,1,1,0,2,5,2,2,1,2,0,1,1,2,3,1,6,0,0,3,0,2,0,3,0,1,2,0,2,4,0,4,5,1,3,0,0,1,1,2,1,5,2,1,0,4,0,1,1,0,0,2,0,1,1,1,3,0,3,1,0,0,2,0,1,0,0,0,53,30,39,39,40,54,65,2,0
1438837200,132,2099,0,2,1,0,2,2,1,5,1,1,3,2,0,2,3,7,2,3,3,2,1,1,3,0,0,2,0,0,1,2,1,0,4,3,2,0,2,1,3,0,3,0,0,0,1,2,0,2,1,0,0,1,1,2,1,3,2,4,2,2,0,3,0,0,3,3,2,0,1,4,2,0,2,0,0,2,0,3,1,0,2,1,1,2,1,0,1,0,1,0,0,2,47,26,35,24,43,40,48,1,0
1438750800,130,2095,0,2,0,0,1,0,0,2,1,2,0,3,3,1,2,7,5,1,3,2,1,0,0,1,2,1,1,0,5,2,2,1,2,3,0,1,2,2,1,1,0,0,4,2,1,1,1,4,0,0,1,0,0,5,0,2,0,1,7,0,1,4,0,4,1,4,0,0,0,1,2,1,0,0,1,2,0,1,1,2,0,0,5,0,3,0,4,0,1,0,0,0,36,27,41,26,43,49,38,0,0
1438664400,122,2090,0,1,0,1,2,0,2,4,3,3,1,0,3,0,0,2,0,2,3,2,2,0,2,3,0,2,0,1,0,4,1,0,0,0,2,2,3,1,0,1,2,1,1,2,1,3,1,0,3,1,0,1,3,0,2,2,3,1,4,1,3,2,2,3,2,2,1,0,0,6,0,2,2,0,0,1,1,1,0,4,1,0,1,1,0,0,1,1,0,0,0,0,31,28,30,33,24,44,51,3,0
1438578000,117,1982,0,0,1,1,0,0,1,0,0,3,1,3,2,4,2,3,4,8,3,1,0,0,1,1,1,0,0,2,2,4,1,1,1,5,1,3,0,5,0,2,1,1,1,0,1,0,1,2,0,0,1,1,0,2,2,4,1,1,3,2,0,0,1,6,2,1,1,1,1,0,1,2,1,1,0,2,1,0,0,1,1,1,0,0,0,0,1,0,1,0,0,0,28,34,25,30,28,49,40,0,0
1438491600,114,1910,0,0,1,0,1,2,5,1,0,1,3,2,1,5,1,4,1,3,2,3,1,0,1,1,0,3,0,1,0,3,1,1,1,2,0,2,2,4,0,0,1,2,0,0,0,2,0,5,0,0,0,1,0,3,0,4,1,1,1,3,2,0,1,0,0,5,2,1,1,5,2,1,0,1,2,2,1,0,0,0,2,1,0,0,0,1,1,0,0,0,0,0,32,24,33,25,34,43,37,0,0
1438405200,154,2441,0,3,2,2,1,0,1,2,2,3,1,3,2,8,1,7,2,3,2,2,2,2,1,0,2,2,1,4,3,1,2,2,3,1,3,0,1,2,1,4,2,0,2,2,2,4,0,6,2,1,1,0,0,1,2,6,1,5,4,2,1,2,0,1,4,1,3,1,1,2,0,0,0,1,0,0,0,0,1,1,2,0,0,2,1,1,0,0,1,0,0,1,47,42,28,37,60,54,40,0,0
1438318800,132,2095,0,0,4,0,2,0,0,0,2,1,2,1,0,4,1,3,2,2,2,3,0,0,2,1,1,1,0,3,6,2,2,2,3,1,3,0,2,3,1,3,1,1,1,1,1,2,3,3,1,0,1,0,2,3,2,1,2,2,4,1,2,0,3,3,3,0,0,0,0,2,4,1,1,0,3,2,1,2,0,0,1,0,4,1,0,0,2,0,0,0,0,0,44,31,29,28,49,43,38,2,0
1438232400,149,2349,0,4,0,1,1,2,1,1,2,2,0,2,0,2,1,15,3,7,5,3,1,0,1,1,1,1,0,5,2,2,4,1,1,4,2,0,5,1,0,0,1,0,0,1,0,1,1,2,3,0,0,0,1,1,0,2,2,3,3,2,1,3,2,1,0,2,1,3,1,3,3,0,2,0,4,1,1,1,0,3,0,1,2,0,0,0,2,1,1,0,3,0,53,36,28,32,52,41,55,1,0
1438146000,116,1923,0,3,1,1,0,0,1,2,2,4,3,2,0,2,0,4,2,4,3,4,2,0,2,1,3,3,0,0,0,2,1,2,1,0,0,1,2,2,0,0,3,0,0,2,2,1,1,3,1,0,2,1,3,1,2,3,2,3,2,0,0,1,1,1,3,2,1,0,0,3,1,1,1,0,0,2,0,2,0,1,2,1,0,0,0,0,1,0,0,0,0,0,39,22,27,28,30,39,44,3,0
1438059600,132,2095,0,3,1,0,1,5,1,1,3,4,0,3,2,2,2,9,2,6,2,3,1,1,1,1,1,1,0,0,2,0,1,0,2,1,0,2,2,2,2,2,0,1,0,1,0,3,1,4,1,0,1,2,2,3,0,2,0,3,4,2,0,0,1,1,0,2,2,2,1,2,2,0,2,1,3,1,0,0,1,1,2,1,2,3,0,0,0,0,0,0,0,0,53,21,27,31,48,41,41,2,0
1437973200,129,2172,0,2,2,2,2,4,1,6,1,2,4,4,1,1,2,3,1,3,3,3,2,0,1,2,1,0,0,2,0,6,2,2,2,4,0,0,3,6,0,0,0,0,0,1,0,1,1,4,1,0,0,0,2,0,1,3,0,0,6,0,1,2,0,1,1,3,2,0,0,0,1,2,1,1,1,0,1,2,1,0,0,1,1,0,2,0,1,0,0,0,3,1,43,32,30,24,31,59,37,2,0
1437886800,112,1872,0,0,0,0,4,1,1,5,2,2,2,3,1,8,0,8,0,2,2,3,2,1,5,1,0,0,0,1,1,3,1,0,1,1,0,1,1,2,0,2,0,0,0,0,0,0,1,0,1,1,0,1,1,1,0,3,1,0,5,1,2,1,0,3,0,2,1,1,1,2,0,0,1,1,0,0,0,0,1,1,2,0,4,2,0,0,3,0,1,0,0,0,33,24,24,31,24,45,42,1,0
1437800400,135,2237,0,1,1,3,3,2,1,2,1,1,1,3,1,5,0,4,3,4,3,2,1,0,3,0,1,0,1,2,1,1,2,1,3,4,0,2,1,2,2,1,0,1,1,2,0,2,0,5,0,1,1,2,4,0,1,1,2,1,5,4,1,1,1,0,1,2,2,0,0,3,3,0,1,1,0,2,1,1,0,3,2,1,1,0,0,2,1,0,2,0,0,1,43,33,31,28,37,46,48,4,0
1437714000,196,3204,0,3,2,3,2,5,1,4,2,4,0,5,2,8,1,6,2,4,5,6,0,0,2,2,2,3,0,2,4,5,2,2,1,3,6,1,5,5,2,3,2,2,1,1,1,3,0,2,3,0,2,2,1,0,1,5,2,2,6,2,1,1,1,2,2,5,0,2,1,7,2,1,0,1,0,3,1,0,1,0,4,0,1,0,1,0,1,1,2,0,1,1,56,56,46,38,57,79,59,1,0
1437627600,137,2215,0,0,2,2,2,2,1,2,2,2,1,5,0,6,0,11,5,4,3,2,2,2,0,2,1,0,1,2,1,2,3,1,0,3,1,1,1,0,0,1,1,0,2,0,2,2,1,4,0,1,0,0,0,2,1,2,1,2,7,2,1,1,1,1,1,1,1,2,0,1,2,0,0,0,0,1,0,1,0,4,5,2,1,2,0,0,1,0,1,0,1,0,41,27,32,37,43,49,45,0,0
1437541200,137,2292,0,4,1,0,0,3,0,2,1,5,1,7,0,8,1,7,4,2,3,4,0,0,1,1,1,1,0,2,0,6,1,1,1,0,0,1,5,5,0,0,2,0,3,1,1,3,0,3,3,0,1,0,2,0,2,1,1,1,5,2,1,1,0,1,0,0,1,0,0,3,3,4,0,0,1,1,0,0,2,2,0,0,2,1,1,0,2,0,1,0,0,0,45,34,29,29,35,62,38,2,0
1437454800,119,2031,0,2,0,0,0,2,2,2,1,0,0,3,1,2,1,4,5,2,4,2,3,1,0,3,0,0,0,3,3,6,1,1,5,1,2,1,1,3,1,2,0,1,3,0,0,2,1,1,1,0,1,1,2,0,1,1,0,1,2,2,0,1,1,0,0,3,5,0,1,4,1,1,0,0,2,2,0,0,0,1,1,0,2,0,0,0,2,0,2,0,0,0,35,24,26,34,33,56,28,2,0
1437368400,149,2501,0,3,0,1,3,2,1,5,1,1,1,6,2,6,4,4,2,3,3,2,1,4,1,1,0,0,2,0,0,1,2,2,4,0,2,2,6,3,3,0,0,0,2,0,1,6,1,1,0,0,1,2,3,0,2,2,2,0,5,2,1,3,2,0,2,1,3,0,1,4,0,0,1,0,1,3,1,0,2,3,0,0,3,2,1,0,0,1,0,0,0,0,49,43,28,29,35,60,51,3,0
1437282000,121,2023,0,3,1,0,3,2,2,0,1,2,0,3,2,2,0,5,5,4,2,1,0,2,1,2,0,2,2,2,0,3,0,3,1,1,0,0,1,3,0,0,0,2,1,0,4,2,0,1,0,0,1,2,3,2,2,3,2,2,1,2,2,1,0,1,0,2,2,0,0,2,3,1,2,1,1,1,0,0,0,1,2,1,0,1,0,1,2,1,1,0,1,0,34,25,28,34,40,46,32,3,0
1437195600,130,2122,0,3,1,0,2,1,2,2,0,0,1,3,0,2,0,4,2,2,7,2,4,1,1,3,1,0,0,4,2,2,0,2,2,2,2,1,3,4,1,0,2,1,1,1,1,0,1,0,3,1,0,3,1,0,1,1,2,1,3,2,2,3,0,1,2,3,3,1,0,3,1,1,0,0,0,2,0,4,0,1,2,1,1,2,0,1,0,0,1,0,0,1,31,41,28,30,40,45,44,1,0
1437109200,187,3132,0,3,1,2,1,3,3,3,2,5,1,1,0,8,3,4,6,6,6,4,2,1,2,3,2,1,1,2,1,5,4,0,0,3,2,1,1,2,0,2,2,1,1,1,0,2,0,6,1,3,3,0,2,6,3,3,1,1,7,4,3,1,1,1,2,3,3,2,0,3,1,0,1,1,1,1,0,3,2,2,1,0,0,1,2,2,1,1,4,0,0,0,50,45,49,43,50,74,61,2,0
1437022800,146,2464,0,1,3,2,2,4,1,2,0,2,1,5,0,4,3,5,6,3,5,4,3,2,0,2,3,2,1,0,0,3,1,2,2,1,1,4,2,1,1,0,2,0,0,0,0,1,3,2,0,2,1,0,1,1,1,3,1,1,5,1,1,1,3,3,1,3,1,2,1,4,2,1,0,0,2,1,0,0,1,0,4,2,2,0,0,1,0,0,1,0,0,0,39,34,37,36,31,61,53,1,0
1436936400,154,2502,0,1,0,4,2,4,1,2,0,2,1,2,4,2,1,6,1,5,12,3,1,0,2,4,0,0,1,1,3,0,1,1,0,1,1,1,0,2,2,1,3,2,0,2,2,2,2,2,6,2,1,1,4,1,1,2,2,4,3,1,1,1,2,1,6,2,4,1,0,1,3,1,0,0,1,4,0,0,1,1,3,1,0,0,0,1,1,0,0,0,0,0,47,46,23,38,49,56,45,4,0
1436850000,119,1957,0,1,1,0,1,1,0,4,0,3,1,7,2,8,2,7,0,0,0,3,1,0,4,0,3,0,1,0,0,3,1,2,0,3,1,0,1,0,0,2,1,0,1,0,1,2,0,0,0,0,0,0,1,2,1,2,1,3,1,4,0,4,1,3,1,7,0,2,0,1,4,2,1,0,0,1,0,2,1,1,1,0,0,1,0,0,1,1,1,0,0,0,29,31,26,33,36,49,33,1,0
1436763600,124,2060,0,1,1,0,3,2,5,2,1,3,1,4,0,4,2,3,3,4,5,1,0,1,2,1,1,1,1,0,4,4,1,1,0,1,2,1,1,0,0,2,0,1,1,1,0,1,0,7,1,0,2,0,2,1,2,3,0,2,4,0,1,1,0,0,3,2,0,0,0,3,0,2,0,2,1,0,1,2,0,0,3,0,1,1,0,1,0,0,3,0,0,0,37,25,30,32,40,45,37,2,0
1436677200,128,2186,0,2,1,3,0,2,1,1,1,2,1,3,1,3,2,3,1,5,5,5,1,0,2,2,0,3,1,2,3,3,2,3,1,2,0,2,0,1,2,2,2,0,0,1,1,1,0,1,0,3,0,0,3,1,6,1,1,1,4,2,0,0,2,2,0,1,5,1,0,2,0,2,0,1,1,0,1,0,0,3,2,1,1,0,0,0,1,0,0,0,0,0,39,29,21,39,27,56,42,3,0
1436590800,125,2086,0,1,1,1,2,0,2,1,0,1,1,3,1,3,0,7,5,4,5,3,1,1,3,3,3,1,1,2,1,1,1,0,0,2,0,3,3,1,0,2,1,0,1,1,1,0,2,1,1,0,0,1,2,2,1,2,1,1,3,0,0,1,2,1,0,2,6,2,1,1,1,0,1,1,0,0,0,1,2,0,2,1,3,1,0,0,0,1,3,0,0,1,29,33,28,35,34,45,44,2,0
1436504400,148,2432,0,4,0,1,1,0,3,2,4,4,1,3,1,5,1,2,4,3,1,4,0,2,1,2,4,0,0,4,5,2,3,1,2,3,2,2,2,1,1,1,4,0,0,1,1,1,1,1,0,2,1,0,0,3,2,3,1,1,5,5,0,4,3,1,1,4,3,0,1,1,4,1,0,0,0,0,1,2,0,1,1,0,2,0,1,2,0,0,0,0,0,1,41,37,37,33,45,54,49,0,0
1436418000,135,2298,0,1,1,3,2,2,1,2,2,2,1,3,0,4,0,5,4,2,3,2,1,1,2,2,1,0,0,2,1,4,2,2,0,3,1,3,1,4,0,1,2,1,2,1,2,0,1,0,2,3,0,0,0,1,2,3,0,2,7,3,1,0,1,2,2,3,0,0,0,2,1,3,2,0,1,2,2,2,0,1,1,1,1,1,1,0,0,0,1,0,0,1,30,31,40,34,31,61,43,0,0
1436331600,142,2396,0,1,2,2,0,3,4,1,2,7,2,3,1,8,1,2,4,1,1,2,3,1,3,1,2,1,0,3,4,3,3,2,2,1,0,2,1,2,1,0,2,0,1,3,1,2,0,1,1,0,1,0,1,1,2,3,0,0,4,1,1,5,3,2,2,0,3,3,0,3,0,1,1,0,0,0,2,2,0,1,0,1,1,2,0,0,0,0,3,0,0,0,35,36,31,40,33,54,54,1,0
1436245200,142,2374,0,1,0,1,2,2,0,3,2,2,0,3,0,6,3,7,1,3,2,1,0,0,4,1,0,0,1,2,2,4,2,3,4,1,3,2,1,5,1,2,1,0,1,2,1,2,1,3,1,0,1,1,2,1,2,2,1,2,5,3,0,1,2,0,1,2,3,0,0,1,1,1,1,1,1,3,0,1,0,3,0,1,2,1,1,0,0,1,2,0,0,3,45,31,34,32,41,63,36,2,0
1436158800,130,2117,0,4,1,3,1,0,0,1,3,3,0,3,2,5,2,6,2,4,2,1,0,0,2,0,0,2,0,2,4,4,2,1,0,1,2,1,1,4,0,1,0,1,2,0,0,3,2,3,1,1,0,0,0,0,0,4,3,0,3,2,1,2,2,1,1,2,2,1,1,2,2,0,1,0,2,3,0,0,1,1,2,0,3,2,0,0,1,0,1,0,1,0,41,31,30,28,41,50,39,0,0
1436072400,96,1591,0,3,0,1,0,2,2,1,0,1,1,2,1,3,0,4,0,0,2,1,0,0,1,5,2,1,0,1,1,3,0,1,1,1,1,1,3,1,1,0,1,1,2,0,2,2,0,2,2,0,1,0,1,0,0,3,1,1,5,1,1,0,0,0,1,0,2,0,1,2,0,1,1,1,1,1,1,0,1,0,5,2,2,0,0,0,0,0,0,0,0,0,31,22,16,27,30,40,25,1,0
1435986000,234,3864,0,5,1,2,2,4,4,2,6,2,7,4,2,10,0,8,3,4,3,5,4,2,3,2,4,2,2,2,4,5,2,2,2,3,2,3,3,3,0,1,3,2,3,2,2,2,0,5,2,0,2,2,0,4,1,5,2,1,5,7,6,0,0,2,1,5,4,3,1,1,4,5,3,1,1,3,1,0,0,3,1,0,3,0,1,2,3,2,1,0,1,1,74,59,48,53,68,93,73,0,0
1435899600,213,3443,0,7,2,1,2,4,1,4,0,5,3,2,3,4,0,13,2,6,8,5,0,0,4,1,1,2,0,1,6,2,5,2,3,3,4,1,1,8,1,1,1,2,0,3,1,1,2,2,0,1,1,3,1,3,2,7,2,2,8,4,5,1,2,3,3,2,1,0,2,5,3,3,0,2,0,1,1,1,1,3,1,4,1,1,1,0,1,0,1,0,0,0,71,57,49,36,66,77,69,1,0
1435813200,138,2295,0,2,1,1,2,5,1,4,0,5,0,7,1,1,0,6,0,10,7,1,0,0,2,1,0,0,0,3,2,4,1,0,2,2,1,3,0,0,1,1,1,0,0,0,1,2,1,3,1,0,0,1,3,2,2,2,1,3,4,3,0,0,0,4,1,2,0,3,1,2,1,2,1,0,1,1,1,0,0,1,2,1,2,1,0,0,1,0,2,0,0,1,51,28,26,33,36,56,43,3,0
1435726800,137,2232,0,1,0,1,1,2,0,4,1,5,1,1,4,3,1,10,4,3,5,4,2,1,2,1,1,0,0,3,1,3,2,1,1,2,0,1,2,1,1,0,3,2,1,1,0,4,0,1,2,1,3,1,0,0,0,4,0,1,4,2,2,2,1,4,2,4,1,2,1,0,0,0,0,0,1,0,1,0,0,1,0,0,1,1,0,0,3,0,4,0,0,0,43,33,25,36,37,52,48,0,0
1435640400,130,2211,0,2,0,2,4,0,2,5,3,1,0,6,1,3,0,3,4,6,2,2,2,1,3,0,0,0,2,1,3,1,1,2,0,1,0,4,0,2,1,1,2,2,0,0,1,4,2,0,1,0,0,0,3,1,1,3,2,2,1,3,2,0,4,2,0,6,1,2,1,2,1,0,3,0,0,0,0,1,2,1,0,1,0,0,1,0,1,0,0,0,0,0,39,25,30,36,33,51,43,3,0
1435554000,118,1874,0,3,1,0,0,2,0,2,2,5,2,2,0,3,1,5,2,3,3,0,2,0,1,2,0,1,1,3,1,2,0,0,2,1,0,1,2,2,0,1,2,1,2,0,0,1,0,4,1,1,1,1,0,4,0,1,1,2,1,2,1,2,2,1,4,0,0,0,1,3,3,2,0,0,0,3,2,1,1,1,2,1,1,1,0,0,2,1,0,0,0,0,38,28,23,29,39,37,42,0,0
1435467600,95,1570,0,2,2,1,0,1,0,0,0,4,1,1,0,3,1,5,3,2,1,0,1,0,1,0,1,1,1,1,1,3,1,1,0,0,2,0,2,2,2,0,2,0,1,0,0,2,0,3,0,1,0,0,1,1,2,0,1,0,5,5,0,1,2,0,0,1,3,0,2,2,2,0,0,0,1,0,2,0,0,1,1,0,2,0,0,0,1,1,1,0,1,0,31,22,19,23,27,36,31,1,0
1435381200,173,2813,0,2,1,3,1,4,1,3,0,3,3,4,2,4,2,4,2,8,5,1,0,1,1,0,1,1,0,0,3,2,0,5,3,0,2,0,3,1,0,2,1,0,1,2,0,3,1,1,5,2,1,0,3,2,1,6,1,2,6,1,2,0,1,1,1,4,4,2,2,5,4,1,1,2,0,0,0,1,1,2,6,1,3,3,0,1,1,0,2,0,3,2,53,33,41,46,56,60,54,3,0
1435294800,163,2746,0,2,2,1,3,5,0,2,1,5,0,4,3,4,1,3,5,4,5,3,1,0,2,2,2,1,0,1,2,7,1,0,4,2,1,2,0,2,1,2,1,1,1,2,2,1,2,1,1,0,2,3,2,0,2,3,3,4,5,2,1,3,3,1,1,3,0,1,0,6,2,1,1,2,0,0,0,0,1,2,2,1,2,1,1,0,1,0,3,0,0,0,46,37,42,38,35,69,57,2,0
1435208400,148,2399,0,3,0,2,2,1,1,4,0,3,4,4,3,5,0,3,2,5,5,1,2,1,0,0,3,1,1,2,1,5,0,3,2,2,2,2,2,2,1,0,0,1,1,1,2,4,0,2,4,0,2,0,0,2,2,1,1,4,7,4,0,2,4,0,3,2,2,0,1,2,1,0,1,2,0,1,0,1,0,2,0,3,2,0,0,0,1,0,0,0,0,0,48,38,30,32,49,59,40,0,0
1435122000,137,2328,0,4,0,1,2,4,4,2,2,4,1,4,1,3,2,6,5,1,2,2,3,1,3,2,2,2,0,1,3,2,3,1,0,2,2,3,2,2,2,0,1,0,0,0,2,1,0,1,2,3,1,0,4,1,0,4,0,0,6,2,2,1,1,4,1,3,1,0,1,0,2,1,0,0,0,0,0,1,0,0,0,0,0,1,0,1,1,1,1,0,0,0,40,28,35,34,38,53,42,4,0
1435035600,124,2043,0,0,2,0,3,4,0,4,2,4,0,3,0,5,0,3,1,4,0,4,2,0,1,2,2,0,0,1,1,1,1,0,1,0,0,1,1,1,0,1,2,0,2,3,1,2,2,1,1,1,0,0,0,1,1,2,1,2,7,2,4,1,1,1,1,4,1,0,0,5,0,0,0,0,2,2,1,2,2,0,2,0,4,2,0,0,3,0,0,0,0,0,38,21,35,30,28,49,47,0,0
1434949200,140,2319,0,2,0,0,2,0,1,2,1,4,0,3,4,1,1,4,1,4,2,2,2,1,1,0,0,3,0,1,2,2,2,1,1,1,2,0,2,5,1,2,2,0,1,0,2,2,0,3,1,0,1,1,2,4,0,5,1,3,5,1,2,3,0,5,1,3,3,1,2,3,1,1,0,0,0,1,1,1,1,2,3,1,2,0,1,1,1,1,2,0,0,0,36,33,34,37,41,51,46,2,0
1434862800,115,1925,0,2,1,0,4,3,1,2,0,1,0,5,0,3,0,8,0,2,3,4,2,0,2,1,1,2,0,0,1,2,1,0,1,0,1,0,3,4,1,2,4,0,0,1,1,4,1,1,1,0,0,0,0,1,2,1,2,0,3,2,1,0,1,1,1,4,3,1,0,0,0,2,2,0,1,0,3,2,1,0,2,0,1,0,0,0,1,0,0,1,0,0,40,25,21,29,29,48,37,0,1
1434776400,128,2061,0,5,0,1,1,1,0,2,0,2,0,1,2,9,3,3,1,2,3,2,2,1,2,3,1,1,1,0,2,1,3,0,1,2,1,3,1,0,1,1,0,0,1,2,3,0,0,2,7,0,2,1,2,2,0,0,0,4,5,2,1,1,1,1,0,1,2,0,0,1,2,0,1,0,1,3,0,2,0,1,3,1,2,1,1,0,0,2,0,0,1,1,42,27,31,28,43,46,37,2,0
1434690000,167,2793,0,0,1,3,6,3,4,3,2,7,0,3,4,4,2,4,3,5,3,1,1,2,3,3,5,4,0,3,1,2,2,0,0,0,1,2,0,0,0,1,1,0,1,2,1,2,3,3,0,3,0,2,1,4,0,3,1,1,5,5,1,2,2,3,3,1,2,1,0,6,2,0,0,1,2,2,1,1,0,3,3,0,1,1,0,1,1,1,0,0,0,0,37,37,46,47,45,59,62,1,0
1434603600,116,1985,0,1,2,2,2,0,1,2,0,1,2,6,0,2,0,5,0,1,2,1,1,0,0,1,0,0,0,3,0,5,1,3,2,1,0,3,3,3,0,0,1,1,2,2,0,1,0,3,4,0,1,0,1,2,0,8,1,2,1,1,1,1,1,3,2,2,1,0,0,0,0,3,0,0,2,1,1,0,1,1,4,1,0,1,0,0,0,1,0,1,1,0,31,25,28,32,33,51,30,1,1
1434517200,126,2137,0,2,0,0,3,0,3,3,1,2,0,4,1,4,1,3,2,0,2,0,1,1,1,2,0,0,0,1,1,1,1,0,0,0,1,2,1,5,1,0,2,0,2,0,2,1,0,4,2,0,1,1,2,1,1,1,3,3,7,2,1,2,0,1,4,5,2,3,0,4,0,1,0,0,1,0,0,3,1,3,1,0,3,2,2,0,0,0,0,0,1,1,31,30,35,30,33,50,41,2,0
1434430800,116,1898,0,5,0,1,1,1,1,0,1,3,0,2,1,7,0,5,0,2,2,3,1,0,1,3,2,0,0,2,0,0,0,2,3,2,2,1,0,1,2,2,1,1,1,0,0,1,2,0,1,0,0,0,4,0,2,2,5,3,3,0,0,1,3,0,2,1,1,2,0,5,0,0,2,0,0,3,1,1,0,1,1,0,3,0,0,0,2,0,1,0,1,0,35,31,17,33,37,37,38,4,0
1434344400,152,2596,0,2,1,1,1,2,4,4,1,6,2,2,1,3,0,2,3,4,5,3,3,0,1,1,1,0,1,0,1,5,0,1,1,1,1,0,2,3,1,1,2,1,1,0,1,0,2,5,2,0,3,3,2,2,2,4,1,1,3,0,2,0,3,2,2,6,2,2,2,4,2,3,0,0,2,0,1,1,1,0,4,1,0,0,0,1,4,0,1,0,0,0,39,40,31,42,37,64,49,2,0
1434258000,113,1859,0,0,0,3,0,0,0,4,0,1,1,3,0,5,0,4,6,6,5,4,1,2,3,1,0,0,0,1,5,1,1,1,2,1,2,1,0,0,1,1,1,3,0,0,1,1,1,0,1,1,0,0,2,0,0,2,0,0,3,2,3,3,1,0,1,2,1,2,1,1,1,1,0,0,3,1,1,0,0,1,0,0,0,0,0,0,4,0,2,0,0,0,34,30,19,30,28,43,40,2,0
1434171600,153,2509,0,7,2,2,3,0,0,4,2,3,2,4,1,2,3,5,3,3,2,3,1,1,0,2,0,0,0,6,0,3,0,1,2,3,2,3,2,8,0,0,1,1,1,0,3,1,2,3,1,0,0,2,0,3,0,0,2,3,4,7,2,2,1,0,3,1,1,2,1,3,0,1,1,0,2,1,1,1,0,0,1,1,3,0,1,0,1,0,4,0,0,0,55,43,26,29,41,59,53,0,0
1434085200,131,2139,0,1,1,0,4,1,1,3,2,3,2,2,1,3,0,5,2,1,1,4,1,1,1,1,2,2,0,2,0,2,1,2,2,5,2,1,2,3,0,0,4,0,1,1,1,2,1,4,1,2,0,2,1,1,2,1,3,4,3,0,0,0,3,4,0,4,1,0,1,2,1,0,0,1,0,2,0,0,0,2,2,1,2,1,1,0,0,1,0,0,1,0,37,28,29,37,37,45,48,1,0
1433998800,158,2651,0,1,0,1,4,5,0,5,3,3,1,3,0,6,0,3,5,2,5,2,1,2,4,6,1,0,1,1,3,2,1,0,5,1,1,1,4,3,1,2,2,0,2,2,1,1,1,4,1,0,0,2,5,2,1,2,1,4,1,3,0,3,0,2,1,0,4,0,1,3,0,2,0,2,1,1,0,1,1,1,2,2,1,0,1,2,1,0,1,0,0,1,49,39,27,43,38,67,48,5,0
1433912400,124,2019,0,1,1,1,2,1,0,1,2,1,2,3,0,4,1,7,5,4,7,1,1,0,4,1,1,1,0,3,1,1,1,0,1,1,1,1,1,1,0,3,3,0,2,0,1,1,2,3,1,1,1,0,1,2,0,3,0,4,0,1,3,2,0,0,1,3,3,0,0,2,1,1,0,0,1,0,0,1,2,0,1,1,2,1,0,0,1,0,4,0,1,0,35,31,24,34,37,46,40,1,0
1433826000,147,2443,0,3,1,3,0,1,3,3,1,4,2,1,2,4,2,4,5,2,3,1,1,0,1,2,4,1,0,0,1,2,2,0,4,1,3,0,0,3,3,2,2,2,0,0,2,2,1,1,4,0,1,2,0,0,4,2,1,1,8,6,2,1,1,2,0,1,3,1,0,4,1,0,0,3,0,3,1,1,0,2,2,0,2,2,0,0,0,0,1,0,0,0,45,37,32,33,46,60,41,0,0
1433739600,136,2265,0,1,0,1,3,1,1,3,0,4,0,3,1,3,0,7,4,3,4,3,0,0,1,1,1,1,0,1,5,3,4,1,2,3,0,2,2,1,1,1,2,1,1,1,4,1,2,4,0,0,1,0,2,0,0,3,0,1,6,2,2,0,3,0,4,3,0,1,0,5,0,1,0,0,1,1,0,0,1,3,1,0,3,0,1,0,2,0,1,0,0,0,42,29,37,28,31,52,51,2,0
1433653200,117,1961,0,0,0,0,1,2,2,1,0,6,0,3,3,7,0,8,1,2,1,2,1,0,3,0,0,1,0,1,2,4,2,1,2,2,1,1,1,2,0,1,1,0,1,1,1,2,0,2,0,0,3,0,1,2,0,0,1,1,3,3,0,0,2,2,1,3,5,0,1,1,2,0,1,0,0,0,0,1,0,3,1,0,2,3,0,0,1,0,2,0,0,0,34,20,26,37,33,48,35,1,0
1433566800,136,2281,0,0,2,1,4,2,1,3,1,1,0,4,1,5,1,7,4,4,4,3,1,1,2,1,0,3,0,0,0,1,1,2,3,1,1,1,2,0,0,0,1,0,1,3,2,1,2,1,3,0,1,2,2,1,2,2,3,2,1,2,3,2,0,4,0,3,1,0,0,1,1,3,1,1,0,1,0,1,1,2,1,0,2,0,0,3,2,0,3,0,0,0,43,33,28,32,33,55,46,2,0
1433480400,159,2700,0,3,1,2,1,3,2,2,2,2,1,4,0,5,0,6,6,3,8,3,3,0,1,0,1,0,0,2,0,1,3,1,1,2,1,1,4,2,0,0,1,1,0,3,2,2,2,2,2,2,0,0,4,1,1,2,3,1,6,3,3,3,1,5,2,4,1,0,2,5,0,0,0,4,2,0,1,1,0,2,1,0,1,0,0,0,2,0,3,0,1,0,45,40,34,40,34,62,59,4,0
1433394000,141,2284,0,6,1,1,2,3,2,3,2,3,2,3,1,4,1,8,2,4,4,2,4,2,1,2,1,0,0,5,1,2,2,0,1,0,2,1,0,3,1,0,0,1,1,0,1,2,2,3,1,1,1,0,0,2,1,1,3,3,4,2,1,1,1,2,0,3,5,2,0,2,0,1,0,1,0,0,2,3,0,0,0,0,1,1,0,0,1,0,2,0,1,0,50,30,25,36,49,55,37,0,0
1433307600,113,1907,0,3,2,2,3,2,0,2,1,3,0,2,1,3,2,1,2,4,4,0,0,1,0,3,4,0,2,1,1,0,1,1,1,0,3,3,0,5,0,1,1,2,1,1,1,0,1,1,1,1,0,1,0,0,1,2,1,1,2,1,0,0,2,0,1,5,3,1,1,4,2,0,1,0,2,0,0,0,0,0,3,1,0,0,1,0,0,1,1,0,0,1,25,32,27,29,28,51,34,0,0
1433221200,147,2450,0,4,2,2,0,2,1,1,0,3,2,2,0,5,1,4,3,1,4,4,4,1,0,3,0,1,0,6,0,5,1,1,0,1,0,0,2,4,0,1,0,1,0,0,2,3,2,1,0,0,3,0,0,4,4,3,1,2,2,2,2,2,1,4,2,7,2,0,0,4,0,0,1,1,1,1,0,2,0,2,5,1,1,2,1,0,1,0,1,0,1,1,35,36,37,39,41,64,42,0,0
1433134800,184,3068,0,2,0,1,2,1,4,0,2,4,5,2,2,5,5,4,8,2,7,2,1,1,2,3,0,1,1,2,2,5,4,3,0,1,2,1,2,5,4,0,3,0,2,0,1,3,0,4,3,2,1,0,4,2,4,1,1,3,5,3,2,5,3,2,3,1,2,2,0,3,5,2,1,2,2,2,0,0,0,1,2,0,1,1,0,0,0,0,1,0,1,0,46,50,41,47,52,63,65,4,0
1433048400,108,1718,0,2,0,1,1,5,0,2,0,2,0,2,0,1,2,7,2,2,1,1,1,1,2,0,1,1,0,1,2,5,3,0,0,0,0,1,0,4,1,5,1,0,3,0,1,2,1,3,4,0,0,0,0,0,2,0,2,2,3,0,0,3,0,3,0,1,0,0,0,1,1,1,1,0,0,1,2,0,1,1,1,1,1,1,0,3,0,1,0,1,0,0,40,22,21,25,39,38,30,0,1
1432962000,150,2487,0,3,1,0,4,3,1,3,1,3,1,3,0,2,1,10,4,2,4,4,1,3,4,3,1,1,0,1,3,3,1,4,3,1,2,1,1,1,1,0,1,0,0,2,0,1,1,0,2,1,0,0,1,1,2,6,0,1,5,4,1,2,1,4,3,3,2,0,2,2,2,2,1,2,2,2,0,0,1,0,1,0,1,0,2,0,1,0,0,0,0,0,44,28,39,39,43,61,45,1,0
1432875600,181,3001,0,0,3,0,3,3,2,4,2,1,3,2,2,7,1,9,4,6,2,3,4,2,3,5,0,2,2,3,7,5,0,2,3,0,0,1,4,4,2,2,2,2,1,1,1,2,1,3,0,1,1,2,1,0,1,3,0,3,1,4,4,0,2,4,2,6,4,3,0,2,1,2,0,0,0,2,0,1,1,2,1,1,0,0,0,0,2,0,3,0,0,0,57,42,32,50,52,75,53,1,0
1432789200,121,2016,0,0,0,1,0,0,0,1,3,1,0,4,1,6,3,5,4,1,2,1,0,0,1,2,2,4,0,1,2,4,2,5,3,3,1,1,0,1,0,1,3,1,1,0,0,0,0,1,2,1,0,0,1,1,3,2,1,3,2,2,3,2,3,0,0,0,1,0,1,0,0,1,0,1,0,3,2,0,1,0,3,1,2,1,1,1,1,1,2,0,0,0,31,31,25,34,35,50,35,1,0
1432702800,124,2097,0,3,0,0,4,2,1,2,1,6,0,1,0,4,1,8,3,2,3,0,2,0,1,2,2,2,0,2,2,5,1,0,0,0,0,1,2,1,1,1,1,0,0,1,2,0,1,3,0,2,0,1,5,3,0,1,0,2,5,1,3,1,2,5,2,2,2,4,0,4,0,0,0,0,0,0,0,1,0,0,0,2,1,0,0,0,0,0,1,0,0,0,35,27,33,29,31,45,43,5,0
1432616400,115,1876,0,4,0,0,4,0,0,5,1,1,0,4,1,5,1,4,6,2,6,2,2,0,1,0,1,0,0,2,3,0,1,1,0,0,1,0,2,1,0,1,1,0,0,1,1,2,2,1,0,0,1,5,2,1,0,5,0,0,2,1,0,3,0,2,1,1,0,2,0,1,1,2,1,1,1,1,0,0,0,0,0,2,2,1,0,1,0,0,3,0,1,1,34,35,26,20,31,43,39,2,0
1432530000,125,2104,0,0,1,1,0,1,0,0,1,3,0,4,0,4,0,4,3,4,2,2,1,1,2,2,3,0,0,1,1,2,1,1,2,3,1,0,2,1,1,1,4,1,1,0,2,1,0,1,0,0,0,1,3,3,0,2,2,1,2,3,1,3,3,6,2,4,0,0,1,1,2,1,2,1,2,0,1,0,0,0,1,1,2,0,0,0,1,1,2,0,1,3,32,29,23,41,31,49,42,3,0
1432443600,134,2197,0,1,1,0,1,2,3,6,0,3,1,3,0,3,0,7,2,2,5,2,1,1,3,2,2,0,1,3,2,4,0,0,2,2,3,2,1,3,2,0,1,3,0,1,2,1,0,2,4,1,0,1,1,0,1,0,1,2,5,1,1,2,2,2,3,5,1,0,1,3,1,0,0,0,2,4,1,0,0,0,2,0,1,0,0,0,0,0,0,0,0,0,40,34,28,32,42,52,39,1,0
1432357200,148,2444,0,3,0,1,2,3,1,1,1,5,0,4,0,1,1,11,0,4,4,3,1,0,1,1,0,1,0,2,2,4,0,0,0,1,0,2,2,2,0,3,2,0,1,3,1,2,2,2,3,0,0,1,3,1,3,3,1,4,4,3,0,2,1,2,2,2,1,0,0,4,3,0,1,1,3,0,0,1,2,2,4,2,2,0,2,1,0,1,0,1,1,1,49,27,33,39,46,52,46,3,1
1432270800,154,2635,0,0,1,1,2,3,2,3,4,5,1,3,0,6,1,3,2,6,4,6,2,1,0,1,0,2,1,1,0,6,1,3,3,0,1,0,1,2,0,1,1,0,1,0,1,4,0,1,1,2,2,0,0,0,4,6,1,1,7,4,2,2,0,1,2,0,1,1,1,4,1,2,0,0,1,2,0,1,1,2,2,2,0,3,1,0,2,2,2,0,0,1,47,34,39,34,33,74,47,0,0
1432184400,123,2063,0,0,2,1,1,1,3,1,0,3,3,7,0,3,1,4,2,4,3,2,1,1,0,0,0,0,1,2,2,5,0,0,3,2,1,2,1,2,2,1,4,0,1,0,1,5,0,3,0,2,1,1,1,0,2,5,0,3,1,1,0,1,0,3,2,3,2,0,0,2,1,1,0,2,2,1,0,1,1,1,1,0,0,0,0,0,0,0,0,0,1,0,35,26,24,38,36,50,36,1,0
1432098000,141,2373,0,3,0,1,2,1,1,7,3,2,0,4,4,3,2,1,2,4,3,4,2,0,0,2,2,0,0,3,3,3,2,1,0,0,3,0,1,5,0,0,3,0,0,0,1,1,3,1,1,0,0,0,3,0,2,4,2,1,3,1,2,5,1,1,1,2,4,1,0,4,1,3,2,2,0,0,1,0,0,1,2,0,2,2,0,0,2,0,2,0,0,0,41,42,25,33,32,59,47,3,0
1432011600,119,1987,0,1,0,3,2,2,2,3,3,3,1,4,1,3,1,12,4,2,1,3,1,0,2,0,1,3,0,1,0,2,1,0,0,0,1,1,1,2,0,2,1,1,0,0,0,1,1,1,2,1,0,2,3,2,1,4,1,2,2,1,0,4,1,3,1,5,0,0,0,1,0,0,0,0,0,1,0,0,1,0,0,1,0,0,0,1,1,0,2,0,1,1,38,25,29,27,37,46,33,3,0
1431925200,134,2210,0,3,0,1,0,1,0,1,3,3,1,4,1,4,2,6,2,3,7,1,1,0,0,3,1,1,1,2,4,2,2,0,1,1,2,2,2,1,0,0,2,0,0,0,0,2,1,2,3,0,0,1,1,1,2,4,2,2,5,2,0,0,1,1,2,3,2,0,1,1,1,1,1,0,4,5,1,1,0,0,2,1,1,1,0,1,2,0,1,0,0,1,41,32,32,29,42,57,34,1,0
1431838800,109,1828,0,1,1,2,0,1,3,2,1,5,1,3,0,4,0,5,3,6,1,2,1,0,2,0,1,3,0,2,2,3,1,3,1,1,0,0,2,2,0,1,0,0,2,0,2,1,1,2,0,0,0,0,0,1,1,0,1,1,3,0,0,1,1,4,3,2,2,1,0,1,2,0,1,0,0,0,0,0,1,2,3,1,0,0,1,0,1,0,1,0,0,0,30,23,20,36,29,43,37,0,0
1431752400,142,2281,0,4,0,2,1,5,0,1,1,2,0,1,1,3,0,3,2,6,3,4,0,0,0,3,3,0,0,0,2,3,3,2,1,0,1,3,0,2,0,0,2,2,0,0,2,4,0,4,3,0,2,1,0,0,1,7,3,2,4,1,0,0,0,3,3,1,1,0,2,2,3,3,1,0,0,3,0,0,1,4,3,1,1,1,0,2,1,1,3,0,1,1,48,29,34,31,45,54,43,0,0
1431666000,208,3386,0,5,1,3,2,3,4,6,0,2,2,4,1,7,1,9,2,5,9,9,1,1,3,5,1,3,1,3,6,3,1,0,0,3,0,2,0,1,1,3,4,0,0,2,0,1,2,7,2,2,0,2,1,0,2,4,4,4,8,5,2,2,3,0,2,2,6,0,3,1,1,2,2,2,0,1,0,1,3,3,3,1,1,0,0,0,3,0,0,0,0,1,69,50,34,55,62,79,66,1,0
1431579600,164,2695,0,2,0,1,3,4,0,5,2,3,2,6,0,5,1,5,4,6,5,3,0,1,3,2,2,0,1,3,0,3,1,2,1,1,2,1,0,3,0,1,2,1,0,1,2,2,1,4,3,0,1,0,1,2,0,2,1,1,7,3,0,2,2,0,1,5,5,2,1,6,3,1,2,2,0,1,1,2,0,1,2,2,1,1,0,1,2,0,0,0,0,0,52,32,42,38,45,67,51,1,0
1431493200,137,2262,0,2,0,1,2,1,2,2,0,2,0,7,0,4,2,9,1,3,5,3,0,0,2,1,2,1,0,1,4,1,1,2,0,2,1,1,1,0,0,2,1,1,2,2,1,2,3,3,0,0,0,0,2,0,3,1,1,2,4,1,2,4,3,4,0,5,2,1,0,3,2,0,1,0,0,2,1,2,1,0,1,2,1,0,1,0,1,0,1,0,0,0,40,31,29,37,43,54,38,2,0
1431406800,142,2300,0,2,5,0,1,3,2,3,1,1,0,4,1,5,1,4,2,3,2,4,0,1,2,3,1,1,0,0,5,3,1,0,1,0,1,1,4,2,2,1,1,1,0,2,0,3,1,3,2,1,2,4,3,1,2,2,3,1,2,0,3,3,1,2,0,3,2,3,0,2,1,0,0,0,0,0,1,1,0,2,2,2,0,1,1,0,1,0,1,0,2,1,51,34,26,31,45,47,47,3,0
1431320400,144,2388,0,4,3,0,2,1,3,0,3,5,1,3,1,8,0,8,5,4,3,1,3,0,0,2,0,1,1,2,1,1,0,1,1,0,0,1,1,0,0,0,1,1,1,0,0,1,1,3,2,0,0,2,1,1,1,5,0,1,3,2,1,4,3,1,2,1,1,2,1,4,2,3,1,0,1,1,1,5,0,4,2,1,1,0,0,0,2,1,3,0,0,0,39,34,32,39,43,51,49,1,0
1431234000,141,2288,0,2,1,1,0,1,2,5,1,0,3,2,2,4,2,6,3,1,4,4,2,0,0,3,1,0,1,2,5,0,2,0,2,1,1,1,1,4,4,1,5,2,2,1,3,0,2,1,1,1,0,2,3,1,1,2,0,2,2,1,1,2,0,3,2,1,2,0,2,2,1,1,1,0,0,1,2,2,3,2,1,1,2,0,0,0,1,0,1,0,0,0,47,42,19,33,43,49,46,3,0
1431147600,144,2368,0,2,2,1,2,6,1,3,2,3,0,4,1,3,2,6,4,4,5,3,0,0,1,3,1,0,0,2,3,2,0,0,1,1,2,0,3,1,0,1,0,1,1,0,2,3,0,1,0,0,1,1,5,1,0,3,1,1,4,0,2,4,1,1,2,6,0,2,0,4,3,0,2,0,3,1,1,1,3,0,2,1,2,1,0,0,2,0,0,0,0,0,51,34,32,27,40,53,46,5,0
1431061200,181,3052,0,1,1,1,2,4,0,3,4,2,3,6,2,3,2,10,2,3,9,5,1,1,1,2,1,0,2,3,2,7,0,0,3,1,2,2,2,7,2,2,0,0,0,2,2,1,1,2,4,1,2,1,3,3,3,1,0,2,6,2,3,2,2,2,2,6,4,0,2,1,2,0,2,0,1,0,1,0,0,2,2,1,0,0,0,0,1,0,2,0,3,0,59,49,34,39,46,85,47,3,0
1430974800,131,2229,0,1,1,0,1,2,5,2,1,3,3,3,1,5,0,6,2,2,2,1,1,1,1,1,1,0,1,2,3,2,0,1,1,1,1,0,0,3,0,0,2,1,2,1,0,0,0,2,2,3,0,1,2,2,2,5,2,2,5,1,3,2,2,4,1,3,1,0,3,1,3,1,1,0,0,1,0,2,1,1,1,0,1,0,0,1,0,0,1,1,0,0,34,32,28,37,40,50,38,2,1
1430888400,140,2310,0,4,0,1,4,1,0,2,1,4,1,2,3,2,1,5,7,2,4,1,0,1,1,0,0,0,0,1,1,3,2,1,1,0,2,0,3,4,1,3,1,3,0,0,4,3,3,3,0,3,0,1,2,0,3,2,1,3,5,2,1,2,1,5,1,2,1,0,2,7,1,0,1,1,1,0,0,2,0,1,0,0,2,0,1,0,0,0,0,0,0,0,37,34,36,33,38,51,49,2,0
1430802000,107,1714,0,2,0,0,1,1,0,4,1,2,0,4,4,2,1,3,3,3,3,2,1,0,0,1,1,1,0,2,2,1,1,1,1,1,1,2,1,2,3,0,0,1,0,0,0,1,1,6,1,1,0,0,1,0,2,2,1,0,3,0,4,2,1,1,1,3,1,0,2,1,1,0,1,0,0,2,0,0,1,0,0,1,2,2,2,0,0,1,0,0,0,0,33,34,25,15,35,38,33,1,0
1430715600,141,2289,0,3,1,0,4,4,4,2,2,2,0,5,2,6,4,6,4,3,4,4,2,0,0,0,1,1,1,1,3,4,2,4,2,1,3,1,1,0,0,2,2,1,0,1,2,1,1,2,1,0,0,0,0,2,1,3,1,1,2,1,0,2,0,1,0,2,2,1,0,1,1,2,0,1,1,2,2,1,1,1,1,1,2,1,1,1,0,0,2,0,0,0,47,29,33,32,47,52,42,0,0
1430629200,114,1832,0,0,0,2,4,4,2,3,0,2,1,6,2,3,1,6,1,1,1,3,1,1,0,0,3,0,1,5,2,3,3,1,0,1,1,0,2,0,1,2,1,0,0,0,0,2,2,3,0,1,0,0,1,2,1,3,1,0,1,2,0,2,0,3,2,4,1,0,0,1,1,0,0,1,1,2,1,0,0,0,1,0,1,2,0,0,2,0,0,0,0,0,32,29,27,26,41,41,31,1,0
1430542800,152,2400,0,5,1,0,3,2,1,0,2,4,2,5,4,2,1,7,3,5,4,3,1,3,0,1,4,2,0,4,1,0,1,1,1,1,0,2,2,0,1,1,0,0,0,4,1,3,0,5,0,2,1,1,3,2,0,0,2,1,6,2,4,3,1,0,2,1,3,0,0,6,3,1,1,0,0,3,0,1,1,1,0,0,2,1,1,0,1,0,2,0,1,0,49,34,39,30,55,38,56,3,0
1430456400,154,2572,0,2,1,2,1,3,1,3,3,2,0,1,0,6,2,1,2,4,4,4,1,2,1,2,1,3,1,1,3,3,3,4,0,0,2,3,2,2,2,1,2,0,1,2,2,2,1,2,1,2,1,2,1,1,1,2,0,2,5,2,3,0,0,2,3,5,4,0,1,5,2,2,0,1,0,2,2,0,0,0,1,1,2,0,1,0,2,0,3,0,1,0,42,36,40,36,38,65,50,1,0
1430370000,163,2668,0,2,1,0,4,2,2,3,3,4,4,2,3,2,1,6,1,3,6,5,2,1,2,2,2,2,0,3,3,6,2,2,3,1,0,0,0,3,1,3,1,1,0,0,0,3,2,3,0,1,1,0,3,0,0,7,2,3,3,1,1,5,0,2,3,2,0,3,1,3,0,0,2,0,2,2,2,2,0,1,2,0,2,0,2,2,1,0,0,0,0,0,53,38,36,36,46,56,58,3,0
1430283600,111,1829,0,2,1,1,2,3,2,1,1,2,0,2,1,2,0,4,3,1,1,2,1,0,0,2,1,2,0,0,2,2,3,0,1,1,0,1,3,3,0,0,5,1,0,1,1,0,0,4,1,1,0,0,3,1,1,0,1,2,0,1,0,2,1,2,2,5,1,0,0,1,0,1,0,1,0,0,3,1,3,2,1,2,1,1,1,0,3,0,1,0,0,0,35,22,24,30,33,36,39,3,0
1430197200,107,1743,0,0,2,2,0,3,1,5,0,3,1,0,1,4,3,3,3,4,2,0,0,3,0,2,2,0,1,3,0,1,2,1,1,0,2,0,3,1,1,0,0,0,0,0,0,0,1,1,1,0,0,1,0,2,2,2,1,0,2,3,1,2,0,2,5,1,2,0,0,2,3,0,0,0,2,0,0,0,2,2,2,1,1,0,0,0,1,0,1,0,0,1,30,36,19,22,31,40,36,0,0
1430110800,133,2181,0,3,1,1,3,1,1,3,1,3,0,0,3,1,1,8,6,3,2,2,1,0,3,1,1,0,1,1,2,4,0,1,2,1,0,1,2,3,0,1,3,1,3,1,0,2,0,6,1,1,0,0,1,2,2,5,1,3,2,3,0,0,1,5,1,3,5,1,1,1,1,1,2,0,0,3,0,0,1,0,0,1,1,0,0,0,0,0,0,0,0,0,43,23,32,35,43,50,39,1,0
1430024400,111,1767,0,2,0,3,0,0,1,2,2,2,2,3,3,2,0,3,2,1,5,2,1,0,2,0,4,1,0,1,3,1,1,0,1,1,1,2,0,2,0,2,1,1,0,1,0,0,0,5,0,1,0,0,0,0,1,0,2,2,3,1,3,4,2,3,2,2,1,0,0,0,0,0,0,1,0,1,1,3,0,3,0,1,3,2,1,0,1,0,1,0,0,0,31,32,20,28,37,37,37,0,0
1429938000,126,2089,0,0,1,0,1,1,0,1,1,1,3,4,3,5,2,6,8,4,1,1,2,1,1,3,1,2,0,1,0,4,2,0,1,1,3,0,1,1,0,1,2,1,0,0,0,0,0,3,0,1,1,1,2,1,1,6,1,9,4,2,2,2,1,2,0,2,2,1,0,1,1,0,0,0,0,1,0,1,2,0,1,0,1,1,0,0,0,0,2,0,0,0,31,26,35,34,37,47,40,2,0
1429851600,175,2979,0,2,0,2,3,4,2,2,3,3,1,10,1,4,0,8,5,3,7,4,3,1,2,2,1,4,1,2,1,1,1,2,0,1,1,3,3,2,2,2,2,1,0,3,2,0,0,3,1,0,0,2,6,2,0,4,1,3,6,2,3,2,0,2,3,3,1,1,0,3,0,1,2,0,3,1,3,1,0,0,2,2,0,1,0,0,0,1,2,0,0,1,48,40,42,45,41,69,59,6,0
1429765200,144,2426,0,2,2,1,0,1,1,2,3,3,1,4,0,6,3,5,4,2,4,3,3,0,1,2,2,1,0,1,3,2,4,1,3,0,2,1,4,4,0,1,2,0,0,1,0,3,0,2,2,1,1,0,1,2,1,3,0,2,0,4,1,0,2,7,0,4,1,0,1,3,1,0,1,0,2,1,2,1,0,1,3,2,0,0,0,0,0,1,0,1,1,1,48,28,29,39,38,59,45,1,1
1429678800,134,2193,0,4,1,0,1,2,1,1,3,4,1,1,2,4,2,4,2,2,4,3,0,1,3,0,1,6,1,4,2,0,3,2,2,4,0,2,2,0,0,0,0,0,0,0,2,2,0,3,1,0,0,0,1,0,1,2,2,3,6,0,1,1,2,3,1,3,2,0,1,2,0,1,0,0,1,1,1,2,2,1,1,0,0,2,0,0,1,2,2,0,2,1,39,32,33,30,42,51,40,1,0
1429592400,134,2213,0,3,1,1,1,1,0,1,1,5,0,2,1,5,0,3,5,6,7,3,4,2,1,1,1,3,2,0,0,2,2,1,2,2,0,1,2,2,3,1,1,1,0,1,2,3,1,0,2,1,0,0,1,3,0,2,0,1,4,1,1,1,2,2,1,3,0,1,1,1,0,1,1,1,0,1,0,1,1,1,4,0,4,1,0,0,0,1,1,0,1,0,34,35,31,34,32,50,51,1,0
1429506000,151,2459,0,1,0,1,2,1,2,5,1,4,3,5,0,4,0,11,3,6,2,5,2,0,1,1,0,2,0,1,1,2,1,0,2,4,3,4,1,3,3,0,1,0,1,3,0,3,0,3,1,1,2,1,1,0,1,2,1,0,3,1,1,3,1,1,2,1,1,2,0,3,0,2,0,0,3,2,0,3,2,0,3,1,3,1,1,1,1,0,1,0,0,0,52,37,33,29,40,50,60,1,0
1429419600,95,1528,0,1,0,0,1,0,0,2,2,1,4,0,1,4,1,5,3,3,1,1,5,1,1,1,1,0,1,1,0,2,2,0,0,0,1,0,3,2,0,1,2,1,0,0,1,0,0,5,1,1,0,2,0,2,0,1,0,2,1,3,0,1,2,1,3,0,3,0,0,5,0,2,0,1,0,0,0,0,0,0,1,0,1,1,0,0,0,0,0,0,0,0,30,23,18,24,25,29,41,0,0
1429333200,137,2286,0,2,2,1,0,0,1,2,1,6,1,3,2,6,0,8,2,2,4,1,1,1,2,1,1,0,1,2,0,5,0,2,1,3,1,4,3,2,0,1,3,1,1,1,1,2,0,3,0,0,1,0,3,2,4,5,1,1,4,0,3,1,3,1,0,0,3,2,0,3,1,1,1,0,0,2,0,0,2,0,1,2,0,1,1,0,0,0,0,0,1,0,33,39,31,34,41,52,41,3,0
1429246800,161,2676,0,1,1,2,1,0,1,4,1,3,2,3,1,5,1,3,3,4,5,3,2,1,2,1,1,1,2,3,1,5,3,2,2,3,4,2,2,4,0,2,2,1,0,1,1,2,2,5,2,0,0,2,3,1,0,4,1,3,4,2,1,2,3,1,1,3,2,2,1,4,1,0,1,0,1,2,1,2,1,2,4,0,0,1,0,0,0,0,1,0,1,0,40,44,38,39,43,59,56,3,0
1429160400,126,2018,0,2,0,1,1,2,1,2,0,4,0,2,1,2,0,7,3,5,4,2,1,0,4,0,0,2,0,0,2,3,0,1,2,1,1,1,5,3,1,0,2,2,0,1,0,2,0,5,4,0,2,0,0,2,1,2,2,4,3,2,0,2,0,4,0,1,1,0,0,3,1,2,0,0,2,3,1,0,0,0,2,1,0,2,0,0,1,0,0,0,0,0,43,24,28,31,43,43,40,0,0
1429074000,158,2579,0,2,0,2,2,2,1,2,4,1,0,1,2,2,1,6,5,2,6,1,2,1,1,0,2,0,0,2,2,5,1,3,0,1,2,4,2,2,1,0,1,2,2,0,4,2,0,4,2,2,1,3,2,1,1,2,2,5,2,5,2,2,1,3,2,3,4,2,1,3,1,0,0,2,3,1,1,1,0,2,2,1,2,0,0,0,1,0,0,0,0,2,48,37,33,40,49,57,50,2,0
1428987600,146,2506,0,5,0,0,2,3,1,3,8,3,1,4,0,4,2,2,1,1,4,4,0,1,1,5,0,0,0,1,2,3,0,1,2,1,2,0,2,3,0,1,1,1,1,0,1,0,2,1,3,2,2,1,4,1,1,3,0,1,6,1,2,2,2,3,3,2,4,0,0,4,2,1,1,3,0,0,3,2,1,0,2,0,2,1,0,1,0,0,0,0,0,0,50,31,27,38,33,68,41,4,0
1428901200,144,2496,0,3,0,2,1,1,2,3,1,0,2,6,1,1,2,1,3,2,1,2,0,1,0,2,1,2,0,2,3,4,1,0,3,1,1,3,2,4,2,1,3,0,1,2,0,1,1,6,1,0,2,0,2,1,1,5,1,0,6,1,1,2,1,0,3,3,5,0,2,7,0,3,1,0,3,3,1,1,0,2,1,0,1,0,1,1,0,0,0,1,0,0,40,32,43,29,32,63,46,2,1
1428814800,120,1994,0,5,0,0,3,1,0,3,2,3,0,4,0,3,1,3,3,7,3,2,0,0,0,0,2,2,0,3,3,4,1,0,0,4,2,3,2,0,1,0,2,1,0,1,0,1,0,2,0,2,1,1,1,0,2,2,1,1,1,2,1,2,1,3,0,2,3,1,1,2,1,0,0,0,1,1,0,1,1,3,0,0,1,1,0,0,0,0,2,1,0,0,37,29,28,26,29,42,47,1,1
1428728400,153,2544,0,2,0,2,1,3,1,2,0,2,1,4,2,6,1,3,3,3,3,3,0,1,2,0,1,1,0,2,1,2,1,2,0,2,1,2,3,7,2,1,3,3,1,0,1,2,2,5,0,0,0,0,4,1,0,7,1,2,5,0,4,1,2,0,4,1,4,1,2,1,3,1,0,0,1,0,3,0,1,1,4,2,3,1,1,0,1,0,1,0,0,0,40,47,30,36,40,57,52,4,0
1428642000,142,2425,0,2,0,0,2,0,0,3,0,4,1,4,0,4,1,1,1,5,5,3,1,1,1,1,2,1,1,1,1,3,1,3,0,2,1,6,2,3,3,1,0,2,0,0,2,1,1,4,1,2,2,1,5,0,1,1,0,2,3,3,1,2,2,4,2,1,6,1,1,4,2,2,1,0,1,0,1,0,2,1,1,0,1,2,0,0,0,0,1,1,0,0,38,38,27,39,32,55,49,5,1
1428555600,122,2047,0,1,2,1,3,2,1,1,0,6,1,2,0,2,6,4,1,2,2,3,2,0,1,1,1,2,0,1,2,1,3,1,4,0,1,1,0,7,1,3,1,0,1,1,2,0,0,2,0,1,0,0,2,0,0,4,3,2,2,4,1,0,1,1,2,3,2,1,0,0,2,0,0,0,0,1,2,2,0,1,1,2,0,0,1,0,1,1,0,0,0,0,45,21,27,29,30,47,43,2,0
1428469200,136,2294,0,3,0,1,2,0,2,3,1,4,1,2,0,3,1,3,3,5,7,3,0,1,3,1,0,2,0,1,2,4,0,0,3,2,1,3,0,4,2,1,3,0,1,0,0,0,0,5,1,1,1,2,1,0,1,3,3,0,8,1,2,2,2,1,1,3,3,0,0,1,4,0,1,1,0,0,0,0,0,2,1,0,0,1,0,0,4,0,1,0,1,0,37,29,34,36,33,56,46,1,0
1428382800,138,2234,0,5,1,1,3,0,0,1,1,2,0,2,0,3,2,7,1,2,5,5,0,0,1,1,0,1,0,3,3,3,2,2,0,2,1,2,2,4,2,3,3,0,0,0,2,1,1,2,1,0,0,1,0,0,1,5,0,2,4,7,1,1,1,1,6,1,1,1,0,4,2,0,1,0,1,0,1,0,2,0,1,2,2,1,1,0,1,0,3,0,0,0,45,37,30,26,41,51,46,0,0
1428296400,157,2622,0,3,0,1,3,0,1,3,2,5,2,2,0,4,1,4,4,1,1,5,1,1,4,2,1,1,1,1,2,1,0,1,1,2,2,0,3,4,0,0,2,0,2,0,1,2,0,3,1,0,1,3,5,1,1,1,1,2,6,1,2,2,3,4,1,4,1,2,0,5,3,2,1,1,1,1,1,3,2,2,3,1,2,0,2,1,2,1,0,0,0,1,43,37,36,41,40,54,58,5,0
1428213600,117,1910,0,3,1,1,2,1,2,1,0,2,0,2,0,2,3,4,6,2,4,2,1,0,3,0,3,0,0,0,2,5,2,1,0,2,2,0,0,1,0,0,1,0,1,0,2,1,0,2,4,0,0,1,0,1,0,1,1,3,7,3,2,1,3,1,1,2,2,1,0,1,2,0,0,1,1,0,1,1,0,0,1,0,1,2,0,0,2,0,2,0,1,0,34,21,32,30,38,42,37,0,0
1428127200,170,2768,0,5,2,1,2,2,1,3,0,4,2,7,1,3,4,4,2,4,2,4,0,0,0,2,1,1,0,2,1,6,2,1,4,1,2,2,4,3,1,3,2,2,0,0,1,4,0,5,2,4,1,2,2,3,1,1,1,1,9,2,1,1,0,2,3,1,3,0,1,3,1,1,1,1,1,1,2,1,2,1,2,2,2,1,0,0,1,0,2,0,1,0,59,33,36,42,52,59,57,2,0
1428040800,155,2538,0,6,1,1,1,1,2,4,0,2,3,3,0,4,2,6,3,3,2,2,2,2,3,3,0,1,1,2,2,0,2,0,1,0,3,3,3,0,3,1,4,1,0,0,2,1,0,3,2,1,2,1,3,0,0,2,1,1,5,4,2,1,3,3,4,5,1,1,0,1,1,1,3,0,1,3,0,2,0,2,2,1,5,0,0,0,1,0,1,0,0,0,55,29,29,42,44,51,57,3,0
1427954400,150,2547,0,4,1,0,4,1,2,4,1,1,2,1,0,3,0,4,4,1,8,0,1,1,2,0,3,1,1,2,2,6,0,2,1,1,0,0,1,1,0,1,3,1,1,1,3,0,0,4,2,0,1,0,7,3,0,3,2,1,5,3,3,1,1,5,2,2,4,1,0,4,1,1,0,1,1,1,0,1,1,1,1,1,3,3,1,0,1,0,2,0,0,0,47,29,40,34,43,61,39,7,0
1427868000,135,2177,0,3,2,0,2,4,0,3,2,1,0,4,4,7,1,3,2,3,3,2,1,1,4,3,1,1,0,3,3,6,1,0,1,0,3,1,2,2,1,0,1,2,1,1,0,2,0,2,5,1,0,0,2,0,0,0,1,0,2,1,2,3,3,1,0,2,1,1,0,1,0,0,1,0,3,0,2,3,0,0,5,2,1,0,0,0,2,0,0,0,0,1,45,32,23,35,43,50,40,2,0
1427781600,161,2757,0,3,0,1,4,1,2,2,1,2,0,8,4,3,1,6,4,3,4,3,2,0,4,1,0,0,0,3,3,2,0,2,4,1,2,1,2,3,2,0,0,0,7,1,0,1,0,2,3,1,2,0,0,1,0,7,0,2,7,1,1,2,3,7,2,4,1,0,1,1,0,2,0,1,0,1,0,0,2,3,1,0,0,1,3,0,2,2,2,0,0,0,36,37,37,51,43,78,40,0,0
1427695200,137,2255,0,0,1,1,4,4,2,2,0,2,0,2,0,4,1,11,3,6,2,1,1,1,2,1,3,1,1,4,1,3,3,1,1,1,1,2,1,2,2,0,1,0,0,0,0,2,0,0,0,1,0,0,2,1,1,5,1,1,4,3,0,0,1,2,0,3,2,0,1,3,2,2,2,0,0,3,0,2,1,2,0,1,1,1,2,1,3,0,1,0,1,0,38,28,42,29,46,50,39,2,0
1427608800,132,2154,0,3,2,0,3,1,2,5,2,4,2,1,0,4,3,7,0,1,1,4,1,1,3,1,4,3,1,2,4,3,1,0,0,2,0,1,5,1,2,1,0,0,0,0,1,0,2,1,1,1,0,0,2,2,0,3,1,2,2,1,1,1,0,0,2,5,3,0,1,3,1,4,0,0,0,1,1,0,2,0,0,2,0,2,1,0,0,1,1,0,0,0,44,36,31,21,42,47,41,2,0
1427522400,139,2252,0,1,0,0,1,1,0,1,2,2,0,7,1,5,0,5,4,2,3,5,1,0,2,2,2,0,0,1,2,1,1,3,1,3,2,0,3,5,2,1,0,1,0,1,3,0,1,5,2,0,1,1,1,0,1,2,0,2,6,0,0,1,2,1,3,2,2,1,4,4,1,0,0,2,1,4,1,1,1,3,0,2,2,1,1,0,0,0,0,0,0,0,37,40,30,32,42,51,45,1,0
1427436000,167,2745,0,6,1,1,3,1,0,3,1,2,2,6,0,7,3,3,1,2,4,3,2,0,2,3,1,1,0,5,4,0,8,4,0,1,4,0,2,3,0,0,2,0,0,1,2,0,4,1,1,1,3,1,3,1,2,4,2,4,2,4,2,0,1,1,4,1,1,0,2,3,1,2,1,3,1,0,0,1,1,2,2,1,3,2,0,0,2,1,2,0,0,0,49,47,29,42,46,61,57,3,0
1427349600,136,2216,0,0,2,0,2,2,2,4,2,2,0,5,0,1,0,6,3,5,1,0,1,0,1,0,2,2,0,2,5,4,0,1,2,0,1,1,0,3,0,2,4,0,0,2,0,2,1,5,0,0,0,1,1,2,1,2,0,4,4,3,2,2,4,2,0,3,1,0,1,3,2,2,2,0,0,2,1,4,2,0,0,0,2,1,1,1,1,0,1,0,0,0,42,23,38,33,49,51,35,1,0
1427263200,115,1928,0,0,0,2,2,2,1,2,0,3,0,2,1,3,1,3,2,6,3,1,0,1,3,4,1,2,0,0,2,2,1,2,2,2,1,3,0,1,0,0,1,2,0,1,1,3,1,3,0,2,0,1,1,2,1,2,0,2,2,1,2,3,3,1,0,3,2,0,1,3,1,3,2,0,0,0,0,0,1,1,1,0,0,1,0,0,0,0,0,0,0,0,28,27,27,33,27,45,42,1,0
1427176800,130,2162,0,3,1,0,2,1,2,1,0,3,0,2,0,3,0,7,4,3,5,3,1,1,2,2,1,0,0,0,1,4,1,0,1,2,1,3,3,4,0,0,1,1,1,2,0,2,0,3,0,0,1,0,2,1,2,2,1,6,6,3,1,3,0,3,1,0,3,0,1,3,0,0,0,1,1,3,0,1,0,2,2,2,0,0,1,0,0,0,1,0,0,0,35,27,33,35,37,47,44,2,0
1427090400,135,2233,0,2,1,1,3,2,0,4,3,1,2,1,1,6,0,2,2,4,4,3,3,2,1,2,0,1,0,1,3,2,2,0,1,0,1,1,0,5,1,2,0,0,0,1,1,2,0,1,0,0,0,1,2,0,2,6,2,1,2,1,0,0,2,0,0,4,2,2,1,1,2,1,1,1,1,0,0,3,4,2,3,0,3,1,3,1,3,0,0,0,2,0,39,32,34,30,37,57,39,2,0
1427004000,77,1259,0,1,0,1,2,2,3,1,1,1,0,1,0,3,0,2,0,3,4,2,2,2,0,0,1,0,0,1,2,0,0,0,1,0,2,1,1,1,0,2,1,0,0,1,0,0,2,2,1,0,1,2,0,0,1,2,0,2,2,0,2,0,0,1,0,2,1,0,0,1,0,1,0,1,1,0,1,0,0,0,1,2,1,2,0,0,0,0,0,0,0,0,23,22,13,19,26,29,22,0,0
1426917600,136,2267,0,1,0,1,1,2,2,2,1,4,2,3,0,6,1,6,3,2,2,3,0,0,0,1,0,0,0,1,3,5,1,0,0,1,0,2,3,4,0,1,0,1,1,0,0,1,2,4,0,0,2,0,2,2,1,1,1,5,5,0,2,0,0,3,1,5,2,0,2,2,0,0,2,0,0,1,3,3,3,3,2,1,4,1,0,0,1,0,1,1,0,1,42,29,33,32,38,50,45,2,1
1426831200,149,2461,0,2,1,1,3,4,0,1,3,2,0,7,1,7,2,2,2,2,5,2,2,2,0,1,6,1,0,0,1,6,3,1,3,2,0,2,5,1,1,1,1,0,1,1,2,4,2,4,4,1,0,0,0,2,0,2,0,0,5,3,0,3,1,2,1,1,0,2,1,6,4,0,0,0,1,1,0,1,1,0,1,0,1,1,0,0,0,1,3,0,0,0,41,40,41,27,40,64,45,0,0
1426744800,144,2389,0,3,1,2,4,2,2,0,3,5,1,1,1,3,1,6,2,4,4,1,3,3,1,0,3,2,0,2,2,1,2,1,1,0,0,0,0,4,1,2,0,1,1,2,1,0,2,5,1,1,0,1,2,1,1,5,1,2,4,1,2,2,3,3,1,2,2,0,0,2,1,1,2,0,1,3,1,1,1,0,3,1,0,0,2,0,1,1,1,0,1,0,38,32,34,40,46,54,42,2,0
1426658400,123,2075,0,3,0,2,0,1,3,6,1,0,1,6,0,2,0,5,3,3,1,0,2,1,1,1,0,1,0,1,2,3,1,2,2,0,1,1,2,1,1,2,1,1,0,2,1,1,0,3,0,2,1,0,2,0,0,4,1,0,4,1,4,1,0,1,3,2,4,1,1,2,2,3,0,0,0,3,2,0,1,0,2,0,2,0,0,0,1,1,0,0,1,0,38,26,28,31,34,49,38,2,0
1426572000,179,2965,0,3,1,1,3,0,0,5,3,5,2,3,2,3,0,8,5,2,8,4,3,0,3,4,2,1,1,2,3,4,1,3,2,1,2,1,1,5,1,1,2,3,0,0,1,1,2,3,1,0,0,0,2,1,3,5,0,3,3,3,1,2,0,4,4,1,4,1,0,3,3,2,1,1,2,2,2,2,1,0,2,0,2,2,0,0,2,0,2,1,0,0,49,45,37,48,53,72,51,2,1
1426485600,141,2295,0,0,1,0,1,1,0,2,2,3,2,7,1,4,4,8,4,2,4,2,4,1,3,2,3,0,1,0,1,2,0,1,3,0,1,2,6,1,0,0,1,0,0,1,2,2,0,3,3,1,1,2,2,3,4,1,1,1,1,1,0,5,0,2,1,2,1,3,1,1,0,0,1,0,0,2,3,2,1,0,1,0,0,2,1,0,1,0,1,0,0,1,46,38,26,31,38,46,55,2,0
1426399200,131,2069,0,4,1,2,2,1,1,1,1,4,1,3,1,3,2,6,4,1,6,3,1,1,0,1,3,0,0,2,1,1,1,0,1,0,1,2,1,2,1,1,2,1,1,1,2,2,1,2,2,0,1,0,0,1,1,2,2,5,7,4,0,1,0,1,2,0,0,1,0,2,4,0,1,0,0,1,1,0,0,2,0,1,3,0,0,3,2,0,1,0,1,0,43,31,28,29,48,43,40,0,0
1426312800,123,2039,0,0,0,2,1,2,1,1,0,2,0,5,2,3,0,5,2,3,3,2,0,2,1,1,3,0,2,1,0,0,1,1,5,0,2,3,1,3,0,1,3,2,0,0,4,2,0,2,2,2,0,0,2,2,1,2,2,3,1,2,2,1,1,2,0,2,1,1,0,4,1,0,1,0,0,1,1,0,0,0,3,2,1,1,0,1,1,0,2,1,0,0,39,28,21,35,38,45,37,2,1
1426226400,176,2787,0,3,3,2,2,4,1,1,0,4,2,1,2,2,2,15,3,7,5,8,2,0,3,0,4,1,2,2,1,4,3,0,1,1,0,3,2,6,1,0,0,1,0,2,2,1,1,4,2,1,0,0,3,2,3,2,0,6,6,4,1,2,0,0,1,1,0,1,2,1,3,1,1,1,1,4,2,0,1,2,3,2,2,0,1,0,0,0,0,0,0,0,69,42,38,27,59,51,63,3,0
1426140000,119,1995,0,0,0,2,1,0,4,1,2,3,4,1,2,4,0,2,0,1,9,2,0,1,4,2,2,0,0,1,1,1,1,1,1,3,2,1,1,0,0,0,3,1,1,0,0,5,1,1,3,1,0,0,1,1,1,6,1,1,2,1,2,2,0,2,1,3,1,2,0,2,2,1,0,1,1,0,0,0,0,0,1,0,1,2,0,0,0,0,4,0,1,0,27,36,22,34,34,47,37,1,0
1426053600,134,2208,0,2,0,3,1,0,2,3,0,2,0,2,1,8,0,6,1,2,2,3,1,0,2,1,2,0,1,2,1,4,5,1,1,3,3,1,1,2,1,1,2,2,1,0,1,1,0,2,2,1,0,1,2,0,1,1,0,1,5,2,1,4,0,0,2,4,2,2,2,4,2,2,0,0,0,4,0,2,0,1,1,1,0,0,2,1,1,0,0,0,0,0,29,45,36,24,41,48,43,2,0
1425967200,144,2389,0,4,0,0,1,0,2,5,1,1,0,6,0,3,1,8,2,4,7,3,0,0,1,3,1,2,0,2,2,3,1,1,1,3,3,0,2,3,1,1,0,0,0,2,0,4,2,3,0,0,1,0,0,0,0,3,1,0,7,5,2,4,1,2,2,3,2,2,0,2,1,1,0,1,1,3,0,1,1,2,1,1,2,2,1,0,0,0,0,0,0,0,46,39,34,25,42,63,39,0,0
1425880800,138,2335,0,1,2,2,3,2,2,2,2,5,0,3,1,7,0,5,5,6,5,2,2,1,0,0,1,2,0,1,1,5,1,0,1,2,0,2,0,1,2,1,2,0,0,1,1,1,1,4,0,1,3,0,0,0,2,2,1,1,4,2,0,1,3,0,0,3,0,2,0,4,3,1,0,0,2,0,1,2,1,1,1,1,0,2,1,1,0,1,3,0,0,0,38,32,40,28,34,61,43,0,0
1425794400,135,2188,0,5,0,1,5,4,1,1,0,1,0,4,0,2,0,8,5,2,5,2,0,0,1,1,0,2,0,0,2,2,2,1,2,1,2,4,1,3,2,2,1,0,1,0,0,1,0,4,0,0,0,1,0,0,1,4,0,2,4,2,3,0,1,3,1,1,3,2,1,2,3,0,1,1,0,1,0,2,1,1,1,0,5,2,0,0,2,1,2,0,0,0,38,28,39,30,42,50,43,0,0
1425708000,144,2400,0,1,0,2,1,0,1,5,1,5,2,2,2,2,1,8,6,3,4,2,1,0,2,1,2,0,1,3,1,3,0,0,1,0,0,1,1,4,0,1,1,2,1,1,1,4,4,0,3,1,0,0,1,1,3,4,0,5,3,3,1,0,1,1,2,4,4,2,0,0,2,0,1,1,1,1,1,0,2,1,2,1,1,1,3,0,1,1,1,0,0,0,40,36,31,37,43,61,39,1,0
1425621600,152,2514,0,4,0,3,4,3,4,0,1,3,1,6,4,7,1,5,2,3,3,4,0,1,6,1,1,0,2,2,3,5,0,1,0,2,2,1,2,2,1,0,0,1,2,1,1,1,1,8,1,1,0,1,1,1,1,3,1,1,4,1,1,0,0,4,2,4,1,1,0,0,3,0,3,0,1,0,1,0,1,0,2,0,2,1,0,0,0,0,3,0,0,1,42,39,30,41,47,59,45,1,0
1425535200,142,2351,0,4,0,0,1,2,0,8,0,3,1,4,1,5,1,3,1,3,7,3,0,1,4,0,0,0,2,1,0,3,2,1,0,0,4,1,3,3,0,2,0,1,2,0,2,4,0,1,3,0,0,1,2,0,1,2,0,2,5,4,0,1,3,1,0,5,3,0,1,4,2,1,0,1,1,2,0,2,0,2,1,2,2,0,0,1,2,0,1,0,0,0,45,32,30,35,40,65,35,2,0
1425448800,147,2444,0,5,2,1,3,1,1,3,4,4,3,1,0,2,4,5,4,0,2,1,0,1,1,4,2,1,0,0,1,3,2,0,2,2,0,4,2,2,3,4,4,0,0,1,1,1,0,4,3,0,0,1,1,1,0,7,3,1,3,1,3,2,0,1,1,4,4,2,0,5,0,1,0,0,2,2,1,1,1,0,0,0,1,0,3,0,0,0,1,0,0,0,47,27,44,29,38,54,54,1,0
1425362400,137,2288,0,2,1,1,4,2,3,4,2,1,0,0,4,6,0,5,2,3,1,1,1,1,1,3,2,1,1,1,1,2,2,1,2,1,1,1,2,4,0,1,1,1,0,0,0,2,0,4,0,0,0,1,0,1,1,2,2,1,3,5,2,2,1,0,2,4,4,1,0,3,2,1,1,0,1,1,1,0,0,2,3,0,3,0,2,1,2,0,3,0,0,0,40,35,30,32,38,56,43,0,0
1425276000,139,2379,0,1,1,1,1,1,1,0,0,1,3,5,0,2,0,5,1,6,2,2,0,1,3,3,2,1,1,2,1,7,3,0,2,1,2,1,2,4,0,0,3,0,0,0,0,3,1,3,0,0,0,1,3,1,3,3,1,0,3,2,1,0,1,2,0,4,3,0,2,2,5,1,1,0,3,1,0,1,1,4,1,0,4,1,1,0,1,1,2,0,0,0,38,30,36,35,33,59,44,3,0
1425189600,99,1599,0,2,2,3,0,3,1,2,1,4,0,2,2,5,0,3,0,1,2,3,2,0,0,1,1,1,0,3,2,5,2,1,0,1,2,0,1,0,0,1,1,0,0,0,1,1,0,4,0,0,0,0,1,1,2,2,1,0,2,1,0,2,0,0,2,1,1,0,1,4,0,3,0,0,0,2,1,2,1,1,1,1,0,0,0,0,0,0,0,0,0,0,30,31,22,16,32,38,28,1,0
1425103200,154,2540,0,2,1,2,1,1,1,6,0,2,1,5,0,7,1,7,3,2,6,2,2,1,2,3,1,1,0,6,0,3,2,3,2,1,0,3,5,2,3,0,2,1,0,0,4,2,0,2,2,5,1,1,4,2,1,3,0,1,0,1,0,1,1,3,2,1,0,1,1,4,2,3,1,0,0,0,0,1,1,1,1,0,1,3,1,1,1,1,0,0,0,0,42,46,30,36,44,58,48,4,0
1425016800,173,2858,0,3,1,0,2,3,0,1,1,3,1,6,1,2,0,6,3,2,6,6,1,3,1,1,1,1,2,3,5,6,1,0,2,0,1,1,4,0,4,2,1,2,2,0,3,2,3,3,2,3,3,2,0,3,0,4,1,4,5,4,1,3,0,1,1,7,7,0,1,2,0,1,0,0,1,1,0,0,1,2,2,0,1,0,1,0,2,3,2,0,0,0,50,40,37,46,50,78,45,0,0
1424930400,140,2261,0,0,0,2,2,3,0,7,0,0,0,1,1,3,2,5,2,4,4,5,2,4,3,4,3,2,2,0,2,0,2,0,1,0,1,1,0,4,0,1,1,0,0,1,2,3,0,4,2,1,0,2,2,0,0,1,1,2,4,3,2,0,2,1,3,2,1,0,0,4,0,2,2,1,1,3,1,0,2,0,2,1,1,2,0,2,2,0,1,0,0,0,49,33,26,32,41,53,44,2,0
1424844000,144,2341,0,2,0,3,2,1,0,1,1,1,3,2,0,4,0,10,3,3,8,3,2,1,2,3,4,2,0,3,0,3,2,1,1,1,1,1,2,2,0,0,2,1,0,0,1,2,1,2,2,0,0,0,1,1,1,1,3,1,3,4,3,4,3,1,2,1,1,0,1,2,1,0,2,1,1,2,0,1,1,0,5,1,0,3,0,0,1,0,0,1,0,2,42,41,30,31,44,49,49,1,1
1424757600,134,2195,0,0,1,1,1,2,3,1,3,2,2,2,2,9,1,2,1,2,3,4,0,3,3,0,0,0,0,2,5,2,3,3,3,0,1,0,1,3,0,0,4,1,2,1,0,1,0,4,1,2,0,0,1,2,0,4,0,3,5,1,0,1,2,2,1,2,4,1,1,2,2,0,0,1,1,1,1,1,1,0,1,0,4,0,0,0,2,0,0,0,0,0,39,27,27,41,42,52,39,1,0
1424671200,128,2169,0,4,1,3,2,2,1,3,2,1,2,2,0,2,2,3,2,3,2,2,0,1,0,1,2,2,1,0,2,2,0,1,4,0,4,0,1,3,1,2,1,0,1,2,0,2,1,2,1,2,0,0,2,2,1,3,1,0,3,2,2,1,3,4,0,4,0,0,0,4,0,0,0,0,1,1,0,1,1,2,0,1,1,0,1,0,2,3,3,0,1,0,42,28,29,29,36,59,31,2,0
1424584800,97,1580,0,2,0,1,0,0,0,0,1,0,0,1,1,4,1,5,2,3,1,2,0,1,0,0,2,0,0,1,1,2,0,0,0,0,1,2,1,0,0,1,0,0,1,1,4,3,1,4,0,0,1,0,2,2,1,2,0,2,3,2,0,0,1,0,1,4,2,0,2,1,0,0,0,0,1,1,1,1,1,4,7,0,0,0,1,1,1,0,1,0,0,1,32,19,23,23,32,35,28,2,0
1424498400,127,2111,0,2,1,2,1,1,3,2,3,1,0,4,1,4,0,8,3,1,9,2,1,0,1,1,0,0,0,2,1,2,2,0,3,0,3,2,0,0,1,0,1,0,4,1,0,3,0,1,3,0,1,1,0,1,0,5,1,1,5,2,5,2,1,0,1,2,0,2,1,2,1,2,1,0,0,1,0,2,2,0,0,2,2,0,0,0,0,1,0,0,0,0,39,39,30,19,39,54,34,0,0
1424412000,175,2891,0,1,2,1,1,6,2,3,2,2,1,3,3,3,0,5,2,4,3,5,1,1,2,2,0,4,0,2,2,3,0,1,1,0,2,0,3,5,0,3,4,1,0,1,0,1,0,1,1,1,2,1,1,4,1,3,3,1,6,1,1,2,0,4,2,8,2,1,1,5,3,5,1,1,0,0,2,1,1,1,0,0,2,4,0,2,5,0,4,0,2,1,46,39,46,44,53,72,49,1,0
1424325600,123,2030,0,0,0,1,0,0,1,3,0,0,2,1,2,4,0,6,3,5,3,2,1,1,0,2,1,1,2,2,3,2,2,1,2,2,2,1,2,4,0,2,1,1,2,3,0,1,2,2,0,0,1,1,0,1,1,1,0,1,1,0,2,1,0,6,2,4,4,1,2,1,3,1,1,1,1,1,0,1,0,2,0,1,2,0,0,0,0,0,0,0,1,0,30,38,25,30,35,49,39,0,0
1424239200,163,2643,0,4,1,2,1,4,3,5,0,2,1,2,0,3,2,4,2,4,2,1,0,1,3,1,1,1,0,3,1,4,3,2,1,1,1,0,2,4,1,4,1,1,0,1,4,3,0,5,1,1,0,2,2,1,1,1,1,3,6,0,0,4,0,3,4,3,3,0,2,6,2,0,4,0,1,5,1,0,1,1,2,1,1,2,0,1,1,1,3,0,0,0,47,36,38,42,53,55,53,2,0
1424152800,129,2122,0,2,1,0,3,0,0,5,2,3,1,3,2,1,2,3,4,6,2,4,3,1,3,2,1,1,0,1,2,6,0,0,1,1,3,1,2,1,0,0,2,1,0,3,0,0,1,3,1,1,1,0,2,2,0,3,1,1,2,3,1,0,0,3,1,3,2,2,1,0,1,0,2,0,0,3,0,2,0,0,3,0,1,1,0,1,1,0,1,0,0,0,41,21,35,32,33,43,51,2,0
1424066400,119,1969,0,1,1,2,5,1,0,3,1,2,0,0,1,4,2,4,1,2,3,1,0,0,1,1,0,1,1,2,4,3,1,1,6,0,1,2,1,1,1,1,1,1,0,0,2,2,0,4,2,0,1,0,1,2,0,1,0,3,7,1,0,1,1,2,3,0,1,0,0,1,0,4,1,1,1,2,0,1,0,1,0,0,4,1,0,0,0,0,3,1,0,0,44,25,28,22,36,51,30,1,1
1423980000,128,2141,0,1,0,2,3,2,1,2,1,2,1,2,0,4,1,6,1,5,3,3,1,1,1,1,2,3,0,1,2,7,1,0,2,1,1,1,3,1,0,2,3,0,0,0,1,0,0,1,0,0,0,0,1,1,1,3,2,3,4,2,1,1,0,2,2,2,1,1,2,3,1,3,0,1,0,2,1,1,3,0,4,0,0,1,0,0,0,0,2,0,0,1,34,32,35,27,32,51,44,1,0
1423893600,140,2319,0,0,1,0,2,0,1,2,1,3,1,2,1,4,2,3,3,3,5,0,1,1,1,2,1,1,0,4,4,5,1,3,0,4,3,0,4,5,0,1,3,2,3,0,0,4,1,2,1,4,1,1,4,2,0,5,0,1,4,2,2,1,1,3,0,2,0,1,0,2,2,0,0,2,0,1,2,2,0,0,1,0,1,0,0,1,0,1,0,0,0,0,34,39,32,35,43,50,43,4,0
1423807200,163,2755,0,0,2,0,2,6,2,2,2,3,2,5,0,2,4,10,1,2,5,4,1,2,3,3,2,4,1,3,1,3,1,1,3,0,2,2,1,4,0,1,3,1,0,0,1,1,1,4,2,2,1,0,3,4,0,9,1,2,5,0,2,0,1,1,1,4,0,1,0,3,1,0,2,1,1,1,0,0,0,2,3,0,1,0,2,0,1,0,2,1,0,0,53,25,42,43,44,68,47,3,1
1423720800,130,2159,0,2,2,1,2,2,5,4,2,3,2,3,1,6,1,5,4,4,4,5,0,0,1,5,1,0,0,1,0,0,1,0,1,4,1,1,1,1,0,2,1,2,1,1,0,0,2,1,0,0,2,1,0,2,1,4,1,2,2,1,3,1,0,1,0,2,2,1,0,0,2,1,1,0,0,1,2,1,1,1,0,2,4,0,0,0,0,0,1,0,0,1,43,32,24,31,35,49,46,0,0
1423634400,155,2460,0,4,0,2,2,4,0,3,3,5,3,2,2,6,0,4,4,2,10,3,0,2,1,2,0,2,1,2,6,4,1,0,1,1,0,0,3,4,0,2,2,1,1,1,1,2,0,8,0,0,1,2,1,2,0,0,0,4,3,1,1,4,1,0,2,2,1,2,1,2,2,0,0,0,2,3,1,0,2,1,2,0,1,1,1,0,1,0,0,0,0,1,49,45,31,30,49,58,47,1,0
1423548000,124,2057,0,3,0,1,0,2,3,0,0,0,1,5,0,4,3,1,1,1,4,3,1,0,1,2,1,1,2,3,2,4,0,2,4,1,2,0,1,3,1,2,1,1,0,0,1,1,1,0,3,0,1,0,1,1,1,4,2,6,1,2,2,1,3,2,1,2,1,1,0,1,1,0,1,2,1,3,0,2,1,0,3,1,1,1,0,0,1,0,0,0,0,0,33,31,22,38,44,52,27,1,0
1423461600,136,2195,0,0,2,2,1,2,0,2,0,5,1,1,2,4,1,4,4,3,3,3,1,0,2,4,1,2,1,2,1,3,3,0,2,2,1,1,3,1,1,2,0,1,0,1,0,1,0,6,2,0,0,0,2,1,2,2,1,2,3,0,3,3,1,0,0,4,1,2,1,3,0,1,0,0,0,1,1,1,2,3,1,5,0,0,1,2,1,0,2,0,0,0,39,39,31,27,41,44,49,2,0
1423375200,124,2035,0,3,0,2,1,3,2,3,1,1,0,8,2,4,2,5,5,0,1,3,0,0,3,0,0,1,0,1,1,1,1,1,1,0,0,3,0,0,2,4,0,0,0,0,0,4,1,4,1,1,1,0,0,1,2,1,0,2,3,3,2,0,0,4,1,2,3,0,0,2,0,2,1,0,1,1,0,2,1,0,2,1,1,1,2,2,1,0,2,0,0,1,37,23,28,36,43,52,29,0,0
1423288800,136,2238,0,4,1,1,4,1,2,2,0,3,0,5,1,2,3,6,4,4,3,0,0,0,5,2,3,3,0,3,2,3,1,0,0,1,2,3,4,0,0,3,2,1,0,0,0,0,0,1,0,0,2,0,1,2,2,1,0,2,3,3,2,3,0,6,4,2,1,0,1,5,2,0,1,0,0,2,1,2,0,0,0,0,0,0,0,1,0,0,1,0,1,0,31,33,37,35,41,43,51,1,0
1423202400,153,2510,0,3,0,0,2,3,2,2,1,1,3,5,3,6,1,7,2,6,2,2,4,0,1,2,2,0,0,1,0,4,1,1,2,1,1,2,4,0,1,0,1,1,3,2,1,2,1,6,3,0,1,0,1,1,3,4,2,4,2,1,1,2,0,4,1,3,2,1,3,3,0,3,0,1,1,1,0,1,0,0,2,1,3,0,0,0,0,0,1,0,2,0,51,36,28,38,44,57,51,1,0
1423116000,133,2216,0,5,0,2,1,6,3,3,2,5,1,3,1,2,4,4,2,1,3,1,0,2,2,2,1,1,0,2,1,4,3,0,4,2,1,0,1,1,1,2,2,1,1,0,0,0,0,4,1,0,1,0,0,1,2,4,0,4,1,2,0,3,1,3,1,2,2,1,1,3,0,0,1,0,3,0,1,1,0,1,2,1,2,0,0,0,0,0,1,0,0,0,44,25,23,41,36,56,41,0,0
1423029600,138,2234,0,0,4,2,3,1,3,2,2,5,3,5,0,6,1,4,2,3,6,4,0,2,0,1,3,0,0,1,2,2,3,1,1,3,1,0,1,4,1,1,1,0,0,0,0,3,0,3,1,2,0,0,1,2,2,5,1,1,1,2,2,0,1,2,0,3,0,0,0,1,3,2,0,2,0,1,0,1,3,1,0,1,3,2,0,0,2,0,0,0,0,0,42,37,29,30,48,50,39,1,0
1422943200,159,2615,0,2,0,6,2,2,2,0,0,1,3,3,1,4,3,9,3,1,10,3,2,2,2,1,2,2,0,2,4,1,1,1,2,0,1,0,2,2,1,0,4,1,1,0,0,2,1,0,1,0,0,0,3,1,4,1,0,2,3,5,4,1,2,2,1,1,2,2,0,4,4,0,1,0,2,1,1,3,1,2,2,3,2,0,1,0,3,0,1,0,1,0,46,45,28,40,50,59,47,3,0
1422856800,145,2329,0,0,2,3,4,3,1,5,1,2,0,4,0,4,1,6,3,2,1,4,1,1,3,0,2,2,0,1,3,0,1,1,1,3,4,2,3,3,2,1,5,0,0,0,1,3,2,3,0,1,0,0,0,2,2,2,0,2,4,4,1,2,2,0,1,2,3,0,1,3,1,0,1,1,0,2,1,1,1,1,2,1,0,1,2,0,4,0,0,0,0,0,41,36,32,36,46,51,48,0,0
1422770400,191,3189,0,4,1,1,1,0,3,2,2,3,0,4,2,5,2,9,7,7,5,3,2,1,2,3,2,1,0,2,7,5,2,3,2,1,0,1,0,4,0,2,5,0,2,0,1,2,3,4,1,0,1,0,2,2,0,4,4,1,6,2,2,1,2,5,2,4,3,1,0,9,1,0,1,0,2,1,1,2,2,2,1,0,1,1,2,1,1,0,2,0,0,0,58,34,49,50,55,73,61,2,0
1422684000,145,2418,0,1,2,4,2,1,1,1,1,4,1,2,0,3,0,8,3,3,6,3,1,2,1,3,0,1,1,1,1,1,1,2,5,3,1,2,5,2,0,1,2,3,1,1,2,0,0,3,1,1,1,1,2,1,3,1,1,4,2,5,1,2,0,1,0,4,3,1,0,3,0,0,2,0,1,0,1,0,1,1,2,0,3,0,0,0,3,0,1,0,0,0,46,35,22,42,36,56,51,2,0
1422597600,138,2270,0,4,0,0,4,1,1,0,1,2,0,0,3,3,1,3,4,7,2,3,1,0,4,3,0,0,1,2,0,1,1,1,0,2,2,1,0,3,1,0,2,1,1,1,1,0,0,4,0,0,2,1,2,1,0,5,1,2,3,3,2,6,1,3,2,3,3,0,0,4,1,0,0,0,1,2,0,0,4,3,0,0,1,1,1,0,5,0,2,0,0,1,34,34,34,36,39,44,53,2,0
1422511200,119,2045,0,1,0,1,0,4,1,1,0,2,0,2,1,6,2,1,3,1,2,0,2,0,2,3,0,3,0,0,4,2,1,2,1,2,3,0,0,5,1,2,1,0,1,0,3,0,2,0,0,0,0,0,2,3,1,5,1,1,4,3,0,2,1,3,0,3,2,0,0,1,1,2,1,0,0,1,0,1,3,0,3,1,3,1,0,0,0,0,1,0,0,1,28,31,30,30,29,61,27,2,0
1422424800,118,2016,0,5,2,1,2,2,2,4,1,2,0,4,0,2,1,6,2,2,1,3,1,0,1,2,2,1,1,2,0,0,2,0,3,2,1,0,2,2,0,0,0,0,1,1,3,0,0,2,2,0,0,0,2,0,3,9,0,3,4,1,2,1,3,1,1,2,2,0,1,2,0,0,0,0,0,0,1,1,0,2,3,0,1,0,0,0,0,0,0,0,0,0,41,24,26,27,28,53,35,2,0
1422338400,151,2528,0,1,4,3,2,5,2,4,1,0,2,2,0,2,7,3,1,3,4,1,1,0,1,1,3,0,2,1,3,3,3,2,4,0,2,3,0,5,0,2,2,2,1,1,1,2,0,3,0,1,1,2,1,2,3,4,3,1,3,0,1,1,2,1,0,1,4,0,1,2,0,1,2,0,0,0,2,1,1,0,1,2,2,1,1,0,3,0,4,1,0,0,56,32,28,35,41,63,45,1,1
1422252000,113,1884,0,1,0,0,1,1,1,3,1,2,1,2,3,4,1,6,1,2,4,3,0,1,1,3,1,1,1,1,4,3,2,0,1,1,0,2,2,0,2,1,2,1,2,0,0,1,2,1,1,0,1,0,1,2,1,1,0,2,5,1,1,1,0,2,1,3,2,2,0,1,0,1,0,1,0,0,1,0,1,1,1,2,0,0,1,0,1,0,1,1,0,0,34,29,23,27,34,47,30,1,1
1422165600,102,1618,0,1,0,2,1,1,3,1,0,0,1,0,1,1,1,6,2,1,3,0,0,1,3,1,2,0,0,0,4,3,0,3,3,3,0,0,2,0,0,2,1,2,1,0,0,1,0,3,0,1,0,1,0,0,2,5,3,1,1,0,1,3,0,0,1,0,2,0,1,3,1,2,0,0,0,3,1,0,0,0,1,2,0,1,1,3,0,0,1,0,1,0,29,28,21,24,41,30,31,0,0
1422079200,142,2289,0,3,2,1,1,1,2,1,2,4,1,1,3,6,0,4,2,3,1,0,2,0,2,1,1,1,1,1,2,2,0,1,4,1,3,1,1,4,1,5,1,2,1,0,1,1,0,4,0,0,0,0,1,1,1,1,1,4,5,1,1,1,0,3,1,0,4,3,2,5,2,1,1,2,1,4,0,0,1,0,1,2,0,1,1,2,3,0,3,0,0,0,34,37,27,44,57,49,35,1,0
1421992800,152,2424,0,2,1,2,1,2,0,3,1,3,1,2,1,7,1,8,4,2,6,3,1,4,1,1,0,0,1,2,4,3,0,1,0,4,1,1,0,1,0,3,1,0,0,0,4,2,1,2,4,0,1,1,1,0,1,3,3,3,3,4,2,6,1,1,2,4,1,0,0,2,4,0,1,0,0,3,1,2,1,2,1,0,1,1,1,1,0,0,2,0,0,0,51,40,32,29,50,56,45,1,0
1421906400,158,2497,0,7,0,0,2,1,2,4,0,2,1,3,3,7,0,4,4,4,2,3,0,1,0,2,2,1,3,0,6,1,1,3,4,1,2,2,5,1,1,0,1,0,1,2,0,4,0,4,2,1,1,1,3,2,2,2,0,2,4,0,2,2,0,2,3,1,1,0,1,3,3,1,0,2,0,2,2,4,1,1,3,0,1,2,1,2,0,0,1,0,0,0,51,42,37,28,61,46,48,3,0
1421820000,129,2041,0,0,2,0,2,3,1,2,0,2,2,0,1,3,2,5,2,3,7,2,3,0,1,2,1,1,2,1,3,1,0,2,0,1,2,0,6,0,2,0,3,1,0,0,0,1,0,3,3,0,1,0,1,3,2,1,1,5,6,2,2,0,1,2,1,1,1,1,0,4,1,1,0,0,0,1,0,1,0,1,1,0,1,2,0,0,5,0,2,0,0,0,37,33,26,33,46,41,41,1,0
1421733600,143,2398,0,2,1,0,3,1,2,2,1,2,0,3,0,10,1,4,3,5,3,2,3,0,2,3,0,0,0,1,2,0,4,1,1,1,3,1,2,2,1,0,0,1,0,0,1,1,1,0,2,2,0,1,1,3,1,0,2,4,3,3,2,0,4,4,1,5,3,3,0,2,0,0,1,2,2,1,0,1,0,3,0,2,0,2,0,0,2,0,4,0,1,0,34,32,28,49,39,57,46,1,0
1421647200,142,2387,0,2,1,1,2,4,1,4,1,3,0,3,0,4,1,7,1,1,5,1,0,0,0,2,0,3,0,2,2,3,0,0,6,0,2,2,1,2,2,1,2,0,0,0,4,3,1,4,0,0,1,0,3,3,2,3,2,1,4,2,2,1,2,2,4,1,1,0,1,5,1,3,1,1,0,2,1,1,1,0,0,1,1,1,0,0,0,1,2,0,0,1,52,35,33,22,40,67,32,3,0
1421560800,122,1977,0,2,0,1,1,8,0,3,2,6,1,1,1,3,0,4,6,3,3,0,1,1,2,1,2,1,1,1,3,1,1,1,2,1,0,1,1,4,1,2,1,1,0,0,0,2,0,1,1,1,0,0,1,1,0,2,0,4,2,1,1,2,2,0,1,3,3,0,2,5,1,0,0,0,1,2,0,0,1,1,2,0,0,1,0,1,1,1,0,0,0,0,34,28,28,32,35,46,40,1,0
1421474400,125,2064,0,0,2,2,0,4,3,2,1,2,1,2,2,0,2,6,2,2,2,2,0,0,0,2,0,1,2,0,4,3,1,1,2,1,1,2,1,0,1,2,0,3,1,1,0,3,0,5,1,1,1,0,1,1,0,7,0,3,6,1,1,0,0,1,0,5,2,2,1,4,2,2,1,0,0,1,1,0,0,0,1,0,2,0,1,0,1,0,1,0,0,0,43,18,37,27,42,51,31,1,0
1421388000,158,2594,0,1,4,3,3,8,0,0,0,2,2,7,1,6,0,4,3,6,2,2,2,1,1,1,5,1,0,2,2,5,0,2,4,3,1,1,2,3,0,2,2,0,1,0,1,2,3,3,0,0,0,1,2,2,2,3,2,4,4,2,2,2,0,1,3,1,2,2,1,6,3,1,0,0,0,2,1,0,1,0,1,0,0,0,0,0,2,1,0,0,0,0,46,47,34,31,44,62,50,2,0
1421301600,123,1985,0,3,0,0,1,3,0,2,1,0,0,5,0,3,0,4,2,1,4,4,1,1,2,1,1,0,0,0,4,3,1,1,0,1,0,3,5,0,0,1,1,2,0,0,0,2,1,5,2,1,1,1,2,0,2,3,0,5,4,1,1,2,2,1,0,1,2,0,1,4,0,2,1,1,1,0,1,3,0,3,2,0,0,0,0,1,1,0,1,0,0,1,36,25,26,36,38,44,39,2,0
1421215200,150,2527,0,3,0,2,3,1,0,2,3,7,1,2,1,9,0,3,3,1,2,3,2,0,1,3,0,4,0,1,2,8,0,1,3,1,0,2,5,3,0,3,0,1,3,1,0,2,3,4,2,1,1,0,2,1,2,2,2,6,2,0,2,1,0,2,2,2,4,0,0,2,1,0,0,1,3,0,0,3,1,0,0,0,1,0,0,0,2,0,1,0,1,1,36,35,35,44,40,67,41,2,0
1421128800,120,2050,0,0,0,1,0,0,1,0,1,5,2,3,0,4,1,2,2,4,1,2,1,1,3,1,3,2,0,1,0,3,3,0,4,1,1,1,4,1,0,1,0,1,3,0,1,1,0,3,1,0,0,1,3,2,1,4,2,5,5,6,1,5,1,1,2,0,1,0,1,3,0,0,1,0,0,0,2,0,1,0,0,0,0,1,0,0,0,0,1,0,0,0,35,29,26,30,25,45,47,3,0
1421042400,119,1919,0,1,1,0,1,1,1,3,0,2,4,2,2,2,0,6,2,3,2,2,2,2,1,1,0,1,2,1,4,6,2,1,3,0,2,1,0,1,1,1,1,0,0,0,1,1,0,2,0,1,0,0,2,2,1,4,0,5,4,3,2,0,1,1,1,0,1,3,0,2,2,1,0,0,0,1,1,1,1,0,2,1,0,2,0,2,0,0,0,0,0,0,39,24,31,25,43,41,33,2,0
1420956000,116,1872,0,1,1,1,1,4,1,1,0,4,1,1,0,0,0,3,3,2,2,6,2,2,0,2,2,1,0,0,2,1,0,0,1,0,0,1,3,7,1,3,3,0,1,1,0,0,0,3,2,0,1,0,0,4,1,1,2,3,2,1,0,1,2,4,2,1,4,1,2,0,2,2,1,0,0,1,0,0,0,3,1,0,0,3,0,1,0,0,0,0,0,0,31,26,22,37,35,41,40,0,0
1420869600,146,2464,0,3,0,1,2,4,1,2,3,2,3,4,0,6,1,4,1,2,4,3,2,1,3,0,1,1,0,1,0,1,5,0,1,2,2,0,2,5,0,0,3,4,1,0,0,1,2,0,1,3,1,2,3,1,1,3,0,2,2,1,1,2,1,2,2,4,4,1,2,2,2,1,0,1,2,2,1,1,3,1,1,2,1,0,0,1,0,0,2,0,0,0,37,42,27,40,34,59,50,3,0
1420783200,127,2127,0,5,0,1,3,4,1,1,1,1,0,3,0,5,3,5,0,3,6,3,2,0,2,1,0,2,2,4,1,2,0,1,1,1,1,1,0,2,1,1,1,1,0,0,0,0,1,3,0,0,2,1,3,1,0,1,1,3,3,0,2,0,1,3,3,1,3,1,0,3,2,1,1,0,3,1,3,0,0,1,2,0,1,1,0,0,1,0,2,0,0,0,40,32,21,34,33,52,39,3,0
1420696800,173,2838,0,0,1,1,4,4,0,5,1,5,3,6,0,5,2,7,3,3,8,3,0,1,4,4,3,1,2,2,2,3,2,2,0,2,3,1,4,3,0,1,3,1,0,0,0,2,0,4,3,2,0,1,1,2,3,3,2,1,6,2,4,2,0,2,1,1,3,2,0,4,0,0,0,0,0,0,0,0,1,2,5,2,0,0,0,0,2,2,1,0,1,1,47,49,31,46,42,66,64,1,0
1420610400,138,2202,0,1,1,2,3,1,2,4,2,4,0,3,1,5,1,6,1,3,2,7,1,1,0,4,2,1,0,1,6,1,1,0,0,1,3,1,2,0,0,1,1,0,2,2,2,1,1,2,0,1,0,3,2,1,2,2,1,3,4,0,1,1,1,1,1,2,0,1,0,2,3,0,3,0,0,1,2,0,3,2,1,2,1,3,0,0,0,0,1,0,1,0,45,32,28,33,45,43,48,2,0
1420524000,147,2429,0,3,1,1,5,2,1,3,1,5,0,3,0,5,1,6,2,7,4,5,1,3,1,3,4,2,0,3,1,2,1,1,0,0,1,1,2,4,0,2,1,1,1,0,2,0,0,6,1,1,0,0,2,1,2,2,0,0,7,4,0,2,0,1,2,3,0,2,1,2,0,4,0,0,1,2,1,1,0,2,2,0,2,0,0,0,0,0,1,0,0,0,48,37,31,31,38,58,49,2,0
1420437600,125,2066,0,5,2,0,8,2,2,2,2,4,1,2,0,6,1,4,1,2,2,1,1,0,1,0,0,2,0,1,3,2,2,0,1,1,0,2,2,2,0,0,0,1,0,0,2,0,3,3,1,0,1,0,0,1,1,1,3,4,3,0,1,3,0,2,2,1,3,1,1,6,0,1,1,0,1,1,0,0,2,1,2,1,0,0,1,0,1,0,2,0,0,0,37,29,31,28,32,45,48,0,0
1420351200,106,1755,0,0,1,0,4,1,2,1,3,2,0,5,1,4,0,0,4,1,2,1,1,0,2,0,3,1,1,2,2,0,0,0,1,1,0,2,1,0,0,2,1,0,0,0,1,1,1,2,1,0,0,0,0,1,0,6,3,1,3,2,1,2,0,1,1,3,0,1,1,1,1,0,0,2,2,0,2,1,1,1,2,2,1,0,0,1,2,0,1,0,1,1,26,24,28,28,31,39,36,0,0
1420264800,158,2662,0,1,1,2,2,3,1,4,1,1,0,1,2,4,1,8,3,3,5,3,1,0,1,0,0,1,2,0,2,4,0,0,1,2,1,3,4,2,1,4,1,0,0,1,0,2,3,2,2,1,0,1,4,2,1,3,3,2,5,1,1,2,1,3,1,6,4,1,1,4,1,1,0,0,0,2,2,1,0,3,5,1,2,1,3,0,1,0,2,0,0,0,47,37,42,32,38,63,53,4,0
1420178400,165,2732,0,3,1,4,1,4,0,5,2,3,0,8,1,6,3,8,4,1,2,4,2,1,1,4,2,1,1,1,4,2,1,2,4,2,0,2,1,3,0,1,0,0,0,0,0,1,1,4,2,0,0,0,1,0,2,3,0,1,4,3,1,1,4,4,0,3,1,0,0,2,2,1,0,1,3,3,4,3,2,1,1,2,1,1,0,0,5,0,2,0,0,0,57,31,32,45,51,77,36,1,0
1420092000,162,2714,0,2,0,1,1,2,0,1,1,8,1,4,1,7,3,5,4,7,3,3,1,2,1,2,0,3,0,5,1,4,1,1,1,2,2,2,0,6,0,1,1,0,0,1,2,3,1,2,1,3,0,2,1,1,2,6,0,1,6,5,0,3,1,6,0,2,1,1,0,1,1,1,0,1,0,0,0,2,2,0,1,4,1,0,0,1,2,1,2,0,0,1,46,41,36,39,42,71,48,1,0